44e29c241b1c43ecb03d437503421801.16,"上後藤四区集会所",35.448008,133.310675
17bf537005f14724b85a5fd3066f07b6.16,"上後藤4区公園",35.44732,133.311905
5ba6187d08cd33b39a2d1fc2f8ffff48.16,"公園内の休憩所",35.447436,133.311864
00ee3bd8255c465f839759f2dd0cdb5f.16,"チュウブ野人スタジアム",35.448246,133.308142
cac5e657726538089b4bbbe606a49f55.16,"プチフール Since 1980",35.448075,133.309999
95d4bd9b53d333dea31b9819f6420a16.16,"ポップアート壁画",35.448421,133.309969
99daab4074284898a7d4e2a290f28bc2.16,"坂口平兵衛顕彰碑",35.448674,133.308627
56455618847b3cd7aaf715193e317016.16,"住居表示街区案内図　米子市旗ヶ崎9丁目",35.446352,133.308461
c45d3f6471f3301486d354097faf63cd.16,"住居表示街区案内図",35.447513,133.309356
897ee81d80ad305e94b36215b5d940b8.16,"バロンジャヤのガネーシャ",35.447535,133.309041
ce4613b3ffd640f69cc25b3c1a94f83c.16,"YAJINスタジアムフットサル場",35.447293,133.306455
43a2fbf37d5344dab7925bb1654721c6.16,"養和会YAJINフィールド",35.446979,133.306941
85dfe20ba08c4e8392072eae7bda8881.16,"名無神社",35.444438,133.307497
e57bd3b913d13e869b931af1c8b64d19.16,"福山洋食厨房　舶来亭",35.445011,133.307072
87e534a61efb345a89db044a7f9bd79b.16,"コーヒーミルのブロンズオブジェ",35.444919,133.30738
a3a59f30f47e36409ad88ed1bfbdbc72.16,"鳥取トヨペット株式会社 植樹記念",35.446186,133.306175
d16659172bd0497393edf68a67c81c23.16,"米子聖ニコラス教会",35.444246,133.30584
b39ef8632ae03dbeae9ebc0ca4fb7035.16,"牛骨ラーメン　来香",35.443065,133.306661
dbdcd627136a37e199e09efb97c7f47c.16,"味噌ラーメン専門店　唐崎商店",35.44983,133.321677
626a937590a04f2ea2923d788754c048.16,"タヌキ並べ",35.448446,133.32358
291c1071db523443adc75da871fbf032.16,"レストラン　ローリエ",35.44826,133.323401
98b3a9fb1985402fa622c1a6c006fd96.16,"旗ヶ崎四区公民館",35.444673,133.316308
540f3892cc013045a8245574e89816a8.16,"公民館",35.443479,133.320144
c6012f15bb6648f5b4791a0c40f41e7d.16,"米子上後藤郵便局",35.4426,133.32154
0fc97c817005400291dc07a7fa4fbb36.16,"そでひき小僧駅（さんぼんまつぐち）",35.446179,133.322967
6f02f9d09d1f3f25b4686f54758bfd60.16,"住居表示街区案内図　米子市上後藤7丁目",35.449114,133.314293
17bf8ec97bd73d0682900c43e31c3f7b.16,"日蓮正宗　専修寺",35.449874,133.31578
632abe970db93cb2844e3bbb1225fc04.16,"CAFE & BAKERY APLICO",35.449473,133.315204
937a3aa2fdb63e598eac1b461da5927a.16,"上後藤二区公民館",35.44667,133.314936
1670a569980d35b59f8379c253eaa73b.16,"上2いこいの広場",35.448166,133.313043
85d5d181d9d145b7a43acd4932aff66d.16,"上一遊園地",35.444595,133.317501
2f407daeed7d4b6291a0792770e4a733.16,"上後藤四丁目公園",35.444891,133.318098
f99eac9174fc32b0bc93ac4d43585e2e.16,"ワイモバイルエディオン米子店",35.444718,133.329825
5574b125f0e33e80883432e59e89d72f.16,"自転車オブジェの欄干",35.442628,133.331164
792a67de689242c6b34c68bdf801a982.16,"住居表示街区案内図",35.443361,133.329935
e7a02f1b27943edaab1553adcc45fd54.16,"米子丿貫",35.442893,133.332068
d9aea33350a947c7ae18c614152209aa.16,"ソフトバンク米子中央",35.442968,133.333583
9a50edf788a643548b80505ff97f362d.16,"レンガ道の東屋",35.449361,133.334116
ce508f144d533587befb87a8bc422b27.16,"HYPER FIT 24 米子米原",35.448835,133.330628
9f1a55ac5b4637d8a6b42edd49fb0171.16,"軽食・喫茶あすなろ",35.449127,133.330786
30a39746a94e38fcb25a3431cff40744.16,"ダンススタジオジャム",35.449418,133.330354
6e424ebe90fb48468e449f5cfc2c3bb8.16,"米原9丁目公園",35.449614,133.33003
2374e6cb96f8388db4449b43ca707d2e.16,"住居表示街区案内図　米子市米原8丁目",35.449715,133.330793
b99374cb267238ef813ade191aa54706.16,"米子市米原６丁目　住居表示街区案内図",35.445405,133.334744
2cee2fb53fed45519246725d053ccf12.16,"米原神社",35.446106,133.334808
3e703c4a26ef40c4aacd0a35f533e582.16,"慰霊碑とお堂(円通庵)",35.446301,133.33403
7f776860dcde40f7a9adfcb7b08341c2.16,"米子米原郵便局",35.444157,133.332202
f538716d435247f9a2de6899537c529f.16,"なもなき神社",35.444419,133.333438
31c7169b8ea73de3b3c0f72420098bda.16,"麺屋　まつり",35.447118,133.329577
e53567132ebf300d92cc07f20aac79a5.16,"ダンススタジオ　シャンクレール",35.449479,133.325318
fc244fcf4f2c3b96ad64df9587c304c1.16,"日本海テレビ前掲示板",35.446585,133.329102
0d9c016945633743a7c921c108ff0c38.16,"ホリデイスポーツクラブ",35.443406,133.328615
2ee99ce00f5042dc85db32797a540f1c.16,"三本松公園竣工記念碑",35.445301,133.324233
9e2565cceb234233835eb155323fe1a6.16,"ソフトバンク米子米原",35.447678,133.325847
96fcf0d8189e34c4b16f61ce63513848.16,"お茶の静香園",35.445337,133.328039
8678cabd85f4332dadac384f66301aef.16,"ル・パティシエ・ミエル",35.445636,133.327441
874e4df8deea369f89f406abe5324a0f.16,"焼肉　たいへい門",35.446126,133.327591
129c121665a9384d9e15ff07ca8de514.16,"CUE’S",35.444147,133.328744
b067dfab800b328ead49bab3f4899a97.16,"鏡とハサミのオブジェ",35.444618,133.329179
e1506c9baab34239bdae23631fa4c9b3.16,"ソフトバンクステージエディオン米子",35.444895,133.329183
89df8c8d6bec3d689b530f7eab470e3b.16,"三区会館",35.445791,133.324047
b951608fb77d3d2bb298c969af737de3.16,"喫茶室ＷＩＮ",35.445208,133.339507
0679f9d2a23f3c60ab2aa2efbd105808.16,"西福原公園のテニスコート",35.44283,133.340819
83f75ae7f868454cb044ae1143dc1605.16,"西福原公園",35.44282,133.34105
8c67174a107c4ac195b2d14dab53bc32.16,"メビウスのオブジェ",35.44261,133.34105
b394230a3bf43ad2ba419edb6f7b90c5.16,"エホバの証人の王国会館",35.446654,133.340171
f35835e2b0a630f79c67ab58dc353240.16,"西福原にある祠",35.445651,133.342357
30771929edc34e10b3de3c667db24ba1.16,"福米東地区コミュニティセンター",35.447058,133.342221
cad9c6b27ed040769456ba66e89078e7.16,"西福原6丁目祠",35.448494,133.342083
b0c52b817985468386344423608308f3.16,"福米東公民館",35.447182,133.341854
a03390f3026639568c38e8afb9838f91.16,"東福原のバーゴラとベンチ",35.445992,133.343875
9895ea88a5254e0a8dc833b2bc45246c.16,"福米体育館",35.446738,133.342569
106760600f8049a2b8bbb356d58d5be0.16,"米子西福原郵便局",35.447596,133.343822
ad87ec1d03734be5923f029899c2ee87.16,"上谷一区慰霊碑",35.448925,133.342744
672087647a0a48a481190cf7766e5731.16,"東福原8丁目公園",35.448624,133.345949
6eff7552dae745bd98771daebd1c032d.16,"SDA米子教会",35.447179,133.346087
e183ff12547f34c2a9c4555601f1e8d5.16,"西福原の金毘羅大権現の燈籠",35.449901,133.339595
f731bc23201e4f0faa8ee8f5f919053d.16,"福米公園",35.449347,133.340858
a99b0b2b947b3a8a8239919d2265628b.16,"崇教真光　米子お浄め所",35.447035,133.344135
45def43efc8c4c7599f8a334c6490391.16,"日本キリスト教団米子教会",35.443684,133.344135
e83ede035d9a3cb4bf9d22947a360a81.16,"米子市西福原３丁目　住居表示街区案内図",35.442935,133.34579
6ab3310541de3c3db611e6eb4de53e36.16,"幸福の科学　米子支部",35.447772,133.341488
239fc63b05ff322d9bdd1128f3aa1f0d.16,"下谷公民館",35.449205,133.339382
83a022c532bc44378aa545babfba3cc1.16,"グランチャコ",35.447176,133.341297
c00d0efa93154653ba1181e375bb9143.16,"遊歩道の藤棚",35.447851,133.3384
8ad1fb4d77193dca9a4b0c0f75b9a422.16,"バーゴラとベンチ",35.448186,133.337399
d621499a5cb83e7bb5b4e3bbdb2a717e.16,"幸福の科学　米子支部精舎",35.449336,133.338525
88ce58b54721429ab889fe10c614949f.16,"犬の像",35.449436,133.33788
1ae24c27ae494efcb0c82566c023d59d.16,"米原の休憩所の藤棚",35.448445,133.336699
8b603bfab5d6489a90fee883e8cdb9be.16,"宗教法人世界平和統一家庭連合米子家庭教会",35.444593,133.338704
2bdbaadc2d323eb0ba654d06b9a1447a.16,"米子市米原６丁目　住居表示街区案内図",35.44274,133.336278
f47196ae50f34cbb800068dc75865b0e.16,"天神森",35.447835,133.355898
edf2dae944c34d3686536c66446a6477.16,"福生東5区社",35.445246,133.356729
8d1ceec81f624581b6ad4f81759457e3.16,"常夜灯",35.445412,133.356583
7cb520b31c0b4496bf5ff7f133a77f19.16,"福生体育館",35.444023,133.356242
3cd3667a38a148f88a4a518f98fab8c3.16,"上福原第二団地集会所",35.443331,133.354133
bf5934f9f3884e20925e5da9c2d8d5dc.16,"福生東六区集会所",35.44541,133.354357
3a7000bc677e407a9e99d5b1c3d2b932.16,"堀安川橋記念碑",35.445822,133.355314
e2da5132b3fa3c30b07220e49a62075d.16,"住居表示街区案内図",35.444305,133.350814
1c2e16d06850487fb28ef6318913010b.16,"東福原4丁目お地蔵様",35.44488,133.349258
73f816f6209e3d60887c6f61c5c5da43.16,"Fun Fit",35.444669,133.349466
1fb76169e389376dbcfd2ee13a74570b.16,"地餐地笑　しゅん菜",35.444496,133.349822
5f94ac902bb846cdb2cbea2b5a646fe4.16,"皆生県営住宅団地公園",35.449297,133.357047
8431e40c45184e3bbb14313243aafb64.16,"歳徳神社",35.449301,133.35013
addb0a0a4ba8417fa6554a999e059c9d.16,"木山神社",35.44688,133.34811
3d2a7728be52407e8bfc6654f3a78ac8.16,"上森嘉太蔵氏之像",35.442724,133.346834
e58c609fb3084bd495432b33e48d50da.16,"末日聖徒イエスキリスト教会",35.443383,133.347688
c3a07c3df430413e8741564bf6a31703.16,"山地公民館横の慰霊碑",35.447246,133.349133
9bab5a656dc849ef946d40493711b4e3.16,"ITO EN ＴＳＵＴＡＹＡ東福原店 災害対応自販機",35.446387,133.348942
248b29ca40634143bc17615b4c85c950.16,"新開川開鑿100年記念碑",35.446296,133.350787
f3b8ce00aec3457c8f146b9f2a227730.16,"庵門善",35.446869,133.350444
f9c8a10f17234123b1a338ade9a4f17e.16,"東福原公園",35.449441,133.350666
1047eb42120c41579570a7eea86e7f1a.16,"歳徳神社",35.44894,133.348312
1c692845115c4f239c69e587d57bd597.16,"大沢川改修記念碑",35.444553,133.348367
f469594d88034d08a073e8354de3ec53.16,"福原公園",35.449813,133.360373
5131fe78607f38478070364b39a73003.16,"東屋",35.447342,133.364403
ead6356a6c7749f5a92921829fcd5820.16,"福生東公園",35.447489,133.364476
6a201c9de3f54f00982caa8a151ac8b3.16,"皆生一丁目祠",35.445699,133.36502
0b021acb9bfe3bdca3ada091ef894dc8.16,"福生東13区公園",35.447016,133.364865
cac81ee19fd64475ba285b342189712e.16,"池の里 石碑",35.447468,133.363987
703b5e3746c5425f8c00c53abbb3f66f.16,"皆生四軒屋の祠",35.446609,133.361381
e659999200074f4081838135057ee030.16,"皆生四軒屋 土地区画整理事業記念碑",35.446585,133.361672
f0b2836902b54a7a82e822271cfd5f9a.16,"上福原簡易郵便局",35.442917,133.358224
f8a040f24afd37eeaed8978dfe3c0ec2.16,"ミッキーマウス",35.448145,133.363892
6eb1eac1bd204b9486802ba1936caed8.16,"スパイダーマンが！",35.44824,133.364184
c7912d79401a401496a79996a687c011.16,"米子サン・アビリティーズ",35.447895,133.365326
1244166e34e348639c1e16be4bd862a1.16,"学びのふる里",35.444571,133.358642
1824a65597f94ea09fab9e3541696e0d.16,"上福原観音堂",35.444075,133.360214
e24d14dadb694f1c832e2eafc27d473b.16,"法華堂",35.444159,133.35921
0a9cdb1d27694a27a2133aceed28c4f2.16,"福生東四区集会所",35.444289,133.360548
d4bfae5f472744d291a5f78636548778.16,"福生東五区公民館",35.444386,133.358567
5393c8a54baf498bbf27563605d8c407.16,"福生三区公民館",35.442713,133.363631
729f35561402492ca67bf562441cece5.16,"福原の社",35.442971,133.361322
ab8d561623fe4df19b90a282db9e3623.16,"皆生公民館",35.444604,133.363261
41b46b532e7343ce896ea8491fe19e7b.16,"福生東３区祠",35.444286,133.365186
4c01aceb1f5d4ba3a0b4a2f58e023657.16,"六地蔵皆生四軒屋公園",35.446794,133.361487
b1d20e3e503e41da98206d491db904b8.16,"福生東公民館",35.448498,133.361918
6f4b9a33744142d4898c85d8466f87ed.16,"庚申堂と皆生堂",35.443511,133.366025
b2f4db6a7e2d317da2cb4ccd4a6c83c4.16,"住居表示街区案内図　米子市旗ヶ崎6丁目",35.43808,133.310518
50863d325a0c373ca94a4d8b42e46bf9.16,"地域の目印となる立派な石の看板",35.438648,133.310335
adcdf43c2ec94f08a7765945c6abf142.16,"完成記念碑",35.439122,133.312128
68d7d0e3dec53915b45d0c4d21347d17.16,"ライオン公園の看板",35.43917,133.312385
fc84afc89a7e451eb8cb435db3d785af.16,"住吉健児学び舎の跡",35.440842,133.310864
f39402aa95514223a9454dbee246e28d.16,"旗ヶ崎三区公民館",35.441737,133.310675
6242453315fa38369f97a3f037d677c7.16,"食事・喫茶ヴァン",35.440994,133.310246
a7389fe7bbbf4f2dae8c7d7d49f95268.16,"旗ヶ崎簡易郵便局",35.440735,133.312193
3cbed9891665347b9c22ed88ecbe8ffa.16,"安倍運動グラウンドの休憩所",35.439235,133.30526
313bd0a0929b416eb4c2eb67951af399.16,"かめ公園",35.439762,133.309336
9e6fa6ce53ec4047abce7a8c1fbd14a0.16,"米子市住吉公民館・住吉地区学習等供用施設",35.439991,133.309373
507280a418ba40bba2297d4ff41200bf.16,"住吉体育館",35.440294,133.309619
982da1507b1044709d59810bd7f38902.16,"旗ケ崎三区集会所",35.440216,133.310122
b88a5225a90b3ee6bd175abe5b7a64a9.16,"LD.café",35.438647,133.308977
a437f0b6da86417fb5a6c2945aaba257.16,"大きな招き猫",35.438815,133.308724
dd77dfd4cd7b329ebfcb4d90889cb0ea.16,"県営住宅内浜団地の集会所",35.438624,133.307376
101a803b9f3738029ab0d457c38df8c3.16,"極真カラテ　米子道場",35.441317,133.306587
087a01c345b33af0b9a7d2cd8848e60e.16,"米子市旗ヶ崎７丁目　住居表示街区案内図",35.441607,133.306559
4eddfec6ad643914a0292e441485ebb4.16,"ヒロミcafe＆スイーツ",35.441728,133.306226
8b8558f86d1b35a9a9c12cd2b37a3ecc.16,"お肉はつらいよ",35.440588,133.30594
0eb305149c834cb5afe32636fb8c5d26.16,"瓦斯神社",35.435629,133.308695
e3486cfcdd1230c8a272309f8573173a.16,"洋食屋カフェレストピュア",35.441322,133.321011
08998305f7814bcf9aa07ff7dbbbd961.16,"三本松の住居表示街区・避難場所案内図",35.441595,133.322204
7714ad3a274c336e8f555f78912415ec.16,"三旗町自治会員案内図",35.44068,133.321821
84b429057df53a9a8a5665f864855c66.16,"パティスリーキキ",35.440977,133.321897
0ee5a387cea9464e8959e4518e5fa224.16,"三旗公園",35.440372,133.320641
ec5fb217387337b6968a05bdda88c9f3.16,"エースドライ",35.43982,133.322327
bd93eb32610b330181604898c24f1396.16,"三本松の掲示板",35.441108,133.323338
c410d3fdd74a49e8927f157b0afdd385.16,"地蔵",35.434863,133.32271
e2342a01ac8c40dc8bc63eadbd7127f6.16,"旗ヶ崎大地蔵菩薩",35.437342,133.318703
90a5237355fe391dabfd068b71f6a79e.16,"がんこラーメン華漸",35.437044,133.318752
c59c1da66b9238fd8195571a436a8978.16,"法華地蔵尊（日蓮さん）の由来",35.437681,133.317967
08ed90362ae43546963036049752e7e5.16,"担々麺専門店　王福",35.438372,133.317827
c85b5e64197236be952f207babe32bf9.16,"喫茶リバティー",35.436173,133.317945
3b956e94800a4e3895c957f589d05c18.16,"起源•環",35.435739,133.317843
296fa5b69cba3bf3b83add80afc7729d.16,"喫茶フライパン",35.435793,133.319122
8e568bdad00832e6bb9ddc4349d61b79.16,"とん楽",35.434032,133.318446
f3099a210c77429dbdd2d35b2bf6d329.16,"さとし地蔵",35.434284,133.318324
c93cf8b5ce2c382f9c2e4d481f551b35.16,"米子食品会館　記念植樹の標柱",35.433893,133.317172
cca7367225253d5d84c848bc8396e167.16,"旗ヶ崎の用水路沿い緑地の休憩所",35.435324,133.316149
befedfac609f4c23bd7a9485934943fb.16,"米子食品会館プラザホール",35.434351,133.317287
6b8d9a3339bb38cda605e2825b7ff64f.16,"黄色の鉄棒",35.437942,133.315127
ef3ec156963830b48e5937a947814afd.16,"ライオン公園のグランド",35.438854,133.312615
c9b8aa4d3b174223bed9ffcd02acb34a.16,"だれ",35.436631,133.314636
0b1aa401b7a44440a7f2f8de6331d46f.16,"旗ケ崎公園",35.437841,133.314815
4715fa903e6b37ea8d2bf05f92436c75.16,"答え　ねずみ男",35.436693,133.313888
bf7fc56f4acc4bf981129c551ea30012.16,"旗二荒神宮",35.440986,133.3165
61b91fa82eea30ba8879795eef39fc4b.16,"旗ヶ崎の緊急避難場所マップと住居表示街区案内図",35.442227,133.316222
2efed46ee5fa3befabc82967a0f4a62c.16,"麦ノ屋のブランジェ",35.438403,133.317079
51bcd29c4f2e3f6da796d928066e4603.16,"珈琲の館　セゾン",35.435546,133.319862
b87dacd69d804ec2b35bc958ed750750.16,"みなと(児護)地蔵",35.43364,133.321474
33c0f3bbd2ee3613940521592662055d.16,"浄土真宗親鸞会　鳥取米子会館",35.43662,133.320384
4bd04684f4c2348b9f8314003298ebaf.16,"米仙堂　花園店",35.436114,133.320592
da11d6a9f3e742878ba923ee84943382.16,"灘町荒神社　鳥居",35.43539,133.32219
f126392a044a4a1aa07b33b98f3bcb4a.16,"稲荷大明神",35.435447,133.32176
9cee193d6921389587e2ed8f7aca03bd.16,"旗ヶ崎のお地蔵さま",35.436867,133.321294
ae8179519c284281941733190a4eaae3.16,"どらやき神社",35.435771,133.323536
60fab9e210ee411f9ac8895a3845a6e5.16,"花園町のお地蔵様",35.43684,133.32323
08669c9a4a16391086959c43fa59ec24.16,"住居表示街区案内図　米子市旗ヶ崎1丁目",35.437263,133.322232
727cb260a2893043ab7223ce5c890cad.16,"かすうどんチャンピョン",35.435975,133.322472
16359e82d3674a9baf22769d125d7046.16,"義方公民館",35.43765,133.323411
9a56b98daf6333d8b5dbca09545d7a5e.16,"住居表示街区案内図　米子市義方町",35.437955,133.323535
0266342719014003bb545d59e1b84a18.16,"米子立町西公園",35.43756,133.323722
bf611ed3fcac3cf7af75627b3fa2aa23.16,"クボタメガネ",35.439214,133.321277
66152506a880386a9229eedc93e4eea4.16,"三旗公園の三色すべり台",35.440175,133.320596
783fe4eb97e745a0b493f01d511e6f9a.16,"立町公園",35.438415,133.321447
3106f5982e413c78b6db3d0e5f8375c9.16,"立町公園の消波ブロック",35.438383,133.321186
3d6f479d3dc6451db100bed829271fde.16,"レイヨン通り",35.438861,133.320302
4550aebb29a24f39abdc89c99995e83a.16,"米子日本基督会",35.439587,133.320213
8b645c61491d4a2a90c7349f73b11a8f.16,"旗ケ崎一区公民館",35.439827,133.318925
2936e25f6d2437e4b76de8f597fd030c.16,"創業40周年記念碑（ダイマツ中央研究所）",35.436211,133.314035
7aa1a10aa22c3c5db39a5c25aa62f4c6.16,"焼肉　一善",35.439414,133.314054
0462fa2251e33bef8c1f8644e181292a.16,"マコズベイクショップ",35.439238,133.313191
79a0f5b542e53a51b38c10b1a8289858.16,"旗ヶ崎県営住宅公園滑り台",35.440058,133.313093
13d69b494e2f43bd9b0b6dd58fc70d16.16,"旗ヶ崎二区公民館",35.441143,133.314915
4e28baae7b184ed58f968ecd130ac713.16,"米子市公会堂",35.433387,133.333012
92322744d0894959b1b36929e291051b.16,"日本基督教団米子錦町教会",35.433645,133.334004
3f4c6e1abba94fb283c08ddec4123589.16,"米子市公会堂の彫刻",35.433328,133.333404
bd8eb386fb794c5b8878b31d946e87ea.16,"赤鬼",35.433186,133.331943
36105cc45de647bf8a89857cec0a5573.16,"Beer House Combat",35.433316,133.331756
a72aba3dd0b24df2ac079919f525669e.16,"一心延命助地蔵尊",35.434964,133.334625
639fd05ae1d43b76a84f611b3b998bdf.16,"米原のINFORMATION",35.441704,133.329054
cbfb09f819814da4ae9d247774c60c93.16,"米原南土地区画整理竣工記念碑",35.439759,133.334644
b60b300d62253c2494edd572cbbc4831.16,"米原南公園",35.439717,133.334407
89e3b2d220b73cf3b203cb3ea2c9c210.16,"住居表示街区案内図　米子市米原3丁目",35.440964,133.334346
ac5869a9581b4b5a8824a7223967d5e4.16,"この地に米子女学校米子西高校在りき",35.435069,133.333443
9b123676b99141a3a64aa2c663614dfd.16,"小公園",35.434654,133.333434
8589e82286b746b8a0992f5ed099a54b.16,"ふれあいの里",35.435464,133.333527
4220fc279b7d30578f299fd094a24d2d.16,"錦町２丁目１区自治会掲示板",35.436628,133.332884
7f9ebcc581fc42f78e8b57cd503187d8.16,"慈しみ",35.435361,133.333846
afc190091995395dbddcac5eadf7c1da.16,"恒久平和　戦没者慰霊碑",35.43563,133.332946
65480f7da9724300b8fc105593613451.16,"JR後藤駅",35.439526,133.331533
4635d900ed07441f9c1b4a6bcd246d0f.16,"米子市中心市街地地図",35.439288,133.331418
3c0b0e33d21f4858a2c55f67a7174afc.16,"生長の家 米子道場",35.438061,133.331452
730dd44082564004a9c0f52286b5cfb3.16,"錦町地蔵",35.439055,133.330795
7a691935bd853632859bad447d84d7fe.16,"どろたぼう駅",35.439991,133.331279
c3f4b4aef58e30b9ab433df83a116c34.16,"grand cafe F",35.439469,133.329655
baa5bcb4b3433cd7b604da58b360b36e.16,"MEGAドン・キホーテ米子店の壁画",35.442218,133.331059
1a54592b021e49e2ac25bd39b13cbdd8.16,"弓ヶ浜の母なる水 米川",35.442265,133.331829
1332ffc16d62350f9153c582af5ed336.16,"３つの腰掛け台",35.439686,133.334131
014400be94e535d981c702a4d50cd3d1.16,"米原南公園のカラフルな滑り台",35.439888,133.334271
997140f38a1b31d298cc9a122bdb681c.16,"円応教南教会米子会所",35.439797,133.332664
fd5587ff91f84e7fb4a8d3d5218b564f.16,"立町北公園のお地蔵様",35.441346,133.326173
25a3b0b5ea56456b8c8d716731e96d94.16,"米子福音ルーテル教会",35.440517,133.325712
c606fab5e2f44b4e9c46316ee1696d90.16,"公園のブランコ",35.441902,133.326213
20cd582aba3838aa87b069ebee7bf273.16,"こめ蔵",35.440049,133.326702
f4a2d6eafd4630ce82d92dadaa581c50.16,"横浜家系ラーメン　吉岡家",35.440528,133.326832
b464ead8a4ba3229b24ef7aaa132a391.16,"森の癒",35.44049,133.326317
816bdd2281cc420c953d07075ac8730f.16,"ITO EN ＴＳＵＴＡＹＡ角盤町店 災害対応自販機",35.437137,133.328004
3246d99f0dcd381a9448973bd34dca06.16,"今井書店　錦町店",35.438682,133.32816
f0317bd3c24a3ee5a23a605d455f6039.16,"海王",35.437672,133.328122
2c02476a9966441187a9a649f4dc41cd.16,"米子錦町郵便局",35.438536,133.328647
a4f920feddf03fd5a2ae74d74d97deda.16,"太陽軒",35.437941,133.327589
ef6b06c2014a3bc8ab968aa8fa0c0ffc.16,"韓国会館",35.438586,133.328898
cca52be29bcd36f4b44da3bec3b89bab.16,"フィンシャレー",35.436667,133.329358
067658e0a464327d9d117101fdc20075.16,"日の出湯の扇子",35.436668,133.325313
352161fae2e83c31a0b0c68a3c969295.16,"鴨御祖神社入り口の鳥居",35.437569,133.325301
2153c34bf4aa43abb5659ce33f926775.16,"糺神社 本殿",35.437674,133.324838
f2cfaa69a2404bc78f1e9a0aa1286a68.16,"妙興寺 山門",35.434249,133.327407
bc4b3f7a526b4570a3338151fb1d07ca.16,"安國寺 山門",35.434121,133.328199
698bf25e2859478193599201384d13fa.16,"瑞仙寺 山門",35.434024,133.328604
351e0c98d835461bb65277879286d437.16,"福厳院六地蔵",35.434084,133.329349
df70628f887b4715805c017777c3fb44.16,"妙善寺 山門",35.434203,133.327967
56a55b546c7642aea1f8e66c64706fbe.16,"与太郎地蔵",35.433555,133.327631
5f08c4a4a82a416aa356a7391e449f02.16,"米子まちなか観光案内所",35.43328,133.324795
e393c97b4a0946d2955687af5d456a3e.16,"加茂川広場",35.433189,133.325309
26b1d51f87a331eab7ae20bae2ba2f68.16,"Casa Dea",35.441694,133.324346
8f06ef334194302ebb72152084dcd687.16,"立町の遊歩道",35.439923,133.326469
4c7fe91fdc4e3541b0946c83a3566dba.16,"萬龍軒",35.438621,133.326934
a64a2180a7e03479ad03cd8d94cfd3b8.16,"焼肉大門",35.438687,133.325304
8614b5993e9d499ab6eb580c860b1042.16,"理想教 米子法堂",35.439227,133.324762
e7ee4f04199245e88736c873e7938a4e.16,"米原1丁目住宅案内図",35.43998,133.328953
321873545a79341fb1b810919d3e8bc0.16,"米原八区子供公園のすべり台",35.441355,133.327672
0b5758125d9030fa845a02792b4d4ed8.16,"和食処やじきた",35.44038,133.327498
75cb160181594f03b5dab96d559a5ff1.16,"米原西公園",35.439303,133.329378
d5354d2fa0b24c96bc222d8959f439a6.16,"揺れるパンダ",35.439922,133.328017
341d669e37fe3739a7fe815f4be812ce.16,"健康ふれあいセンター　ペアーレ中海",35.438902,133.329204
cee478c7eaaf3ec89ebcda1963f8c534.16,"ちとせ",35.437179,133.327081
dfbb5fae10084915ae2f4209a34ba7e9.16,"立町一丁目遊園地",35.433814,133.326236
c4db560523533a57955ab02732da689d.16,"立町まちや",35.43569,133.325288
e305bca67ba14d818961b031fee6d2fd.16,"心光寺 山門",35.434594,133.325975
24074f612afa3604868af5187b7b4fec.16,"あなたの避難場所　米子市立町3丁目",35.435841,133.324831
cad280ef6b414d02bb5fc021f39d950e.16,"実成寺 山門",35.434388,133.32691
2c127b96383640f5a6ac7c8994c52c81.16,"万福寺 山門",35.434704,133.325298
6acdec29ce2843cfadf00d65bf77ae78.16,"法蔵寺地蔵尊(みそなめ地蔵)",35.434592,133.326238
de18e17002f2494a93b7129502ce23e8.16,"吉祥院地蔵",35.434429,133.323813
dcc37da75b9f4044866a8a3cb557a5c0.16,"吉祥院　門",35.434203,133.324085
41c78ea92fa149909b789cb7866b5fd7.16,"Rochelle Antique",35.436062,133.324187
48886759f17d4a17a17b3daaf3386abb.16,"三界萬霊塔",35.438051,133.324409
c79599bd1dc33339b5e9569d035ca64b.16,"集会所はなみずき",35.439798,133.335915
fa65fafb9edc3ee6afcf8c6780a599a3.16,"世界真光文明教団　米子センター",35.441888,133.335563
37a3951ff4433550bf6dfb7d61a7fbce.16,"YONAGO SWIMING SCHOOL",35.440515,133.335782
47884d076d83445b89af5a7166314b16.16,"米子復活教会",35.441903,133.336361
b208d6df79bd37a39af042d22081caef.16,"住居表示街区案内図　米子市東福原1丁目",35.437492,133.340979
8cc5f83e7dd74d67a2c2e38434221e2e.16,"米川堤防のつつじ",35.437507,133.340544
88d5de745abd4668a71dc785095d8901.16,"ラッテちゃんボランティアロード",35.438389,133.340377
f771baeed0853823b035f0d7fc175a06.16,"住居表示街区案内図　米子市西福原2丁目",35.440017,133.339787
db19924dbe0f442fa3436c0db67c89a0.16,"結び目 五十嵐芳三",35.438463,133.340069
2383834014124d25970c0bb50d0db35a.16,"白い半分",35.439873,133.341309
30f422127a544169a0d0ba8628360f3a.16,"スマイルホテル米子のチャペル",35.439457,133.340094
98af17fa9b5e4d8dbaf7094246b1819e.16,"調和 ARMONIA",35.439617,133.34053
9198eb7b28ee35dca22867850a7dbb18.16,"米子市東福原２丁目　住居表示街区案内図",35.437955,133.343241
d4627ae7b0233e93934320a6172cefde.16,"クイーンボウル",35.437268,133.343414
c34805193457481eb7a5310879dcf203.16,"ボーリングピン",35.43756,133.343543
d1943df8a7fb44b880bc17fb38b456a9.16,"米子しんまち郵便局",35.439646,133.341979
abb0ce699d5a476aba5d3253eb8ea3d6.16,"わこうの瓢箪",35.439134,133.341799
16dfe83d1f9339f7b9c79ebb89848b84.16,"米子市役所博労町庁舎",35.435943,133.34314
25cc35929f0d39d491ab343c4d072e33.16,"桜27本の碑",35.434111,133.34488
39c29800e0a636cc9dbc86ad15d49a72.16,"米川沿いの休憩所",35.435011,133.345406
6f54aaadee09469a9148e71b03d50b6c.16,"YSP ボウル",35.435423,133.337067
1e1e3cc7c037463f80d0c276bc61163b.16,"蝉丸神社",35.434739,133.338407
cacacc4f0c444ae2a44bb669bc1e60e4.16,"啓成公民館",35.436012,133.338023
c0d0692cc0a54632a46e21a64339a7d9.16,"真如苑 米子支部",35.43696,133.337768
ad5ddd335e2d30cabd41798ebebb71f3.16,"住居表示街区案内図　西福原1丁目",35.439365,133.337143
3f505f84a9d14f40928da1bd3f7fdad8.16,"米川案内板",35.43924,133.337392
bc5295a6049837f79298e19de40f2569.16,"西部建設会館",35.438469,133.338621
5514be5089e7408f96b449e33a1dea32.16,"慰霊碑",35.440289,133.337737
b874f4ffb590307fb12e8ca94e864459.16,"少林寺拳法　米子東道院",35.44059,133.337873
bd4193a1855f482b865274d42433e5bb.16,"上場谷神社",35.440322,133.337421
184c339b8ebe3ea497d5a9a76fb5c0aa.16,"ラーメンつけ麺 今を粋ろ",35.440347,133.338541
df59a328d12f40c3ba7ccf458a705539.16,"キコリの妖精の厠",35.436069,133.336273
fd3fa22d8b604c1ea8eaefba242c4f61.16,"日ノ出公園",35.436211,133.33606
faa3986a2ea04038b28c892677c9a8bf.16,"囚われの馬",35.433869,133.336341
1c28106ea46448e090636683da23583c.16,"YSP BOWL",35.435298,133.336645
6e3648d5667f4103b314b416df470bbd.16,"天理教米府分教会",35.434015,133.335263
74985f94e22d41f1a6aeab661d7868f0.16,"JR富士見町駅",35.434744,133.33648
01b0b8948bc33410856a5b23e6865531.16,"冨士見町住宅の公園",35.43328,133.337679
b305585b013f4819851df0b248aebafa.16,"博労町公園",35.434543,133.33716
0d4f1fbd3c714aae9215cb12b70dc656.16,"蝉丸神社裏の祠",35.434055,133.33853
276901c2d68f4ab1b8ade3b8484254f1.16,"ITO EN ハ－ドオフ米子店 災害対応自販機",35.4365,133.34507
4af2e488aee74930afa1a7435fd93cac.16,"環",35.439874,133.342277
66de8f1438444763ba39822552e1b5f9.16,"PAJA　オブジェ",35.440089,133.341539
a92f83815c934ed7a24270d9dbf8cdcd.16,"倹徳稲荷大明神",35.440858,133.341733
d3d7be67bcdc400496ce8445a2a6f0c7.16,"福原神社",35.439406,133.344741
753b9eb7d50b489aab1f9a527526045c.16,"前地公民館竣工記念",35.438639,133.346193
48eb678e91b944c29e7c4ed84f58295a.16,"高橋塾顕彰碑",35.43824,133.346036
5df556907f2232d8a7ca347a8ceda8ac.16,"住居表示街区案内図 東福原1丁目",35.435903,133.346514
b5a244afb2dd4941844c48a977388341.16,"米川案内板",35.434559,133.346848
86317c99f67544b2957c2f70d7fa6053.16,"中島の地蔵堂",35.436147,133.352005
be7bf77136eb4117ba5c6e18781825b3.16,"米子栄光キリスト教会中島集会所",35.435453,133.35191
9d7c8a8b58d14d8faf0ad2dfe6a90112.16,"中島児童遊園地 記念碑",35.43568,133.352808
27ae812d0b7e307a9d9ec6a348570a67.16,"コアラのスプリング遊具",35.435573,133.35259
9b85525cb4c830a59834e865c037723d.16,"新開川の説明板",35.439503,133.349354
a0662f847ae24be3b2e93ab7001705b4.16,"福生東10区集会所",35.440093,133.352922
5063f35f8a9b31ef8b00a9082ccdc38d.16,"ツツジのマンホール",35.434298,133.35269
e0025163d575424a8262f0f86a51ff8b.16,"米子中島簡易郵便局",35.434604,133.349539
8f43cafb5af238af9d8f4ba13bbf4be1.16,"とっときの鳥",35.43649,133.355728
7c808227f890449fa096cfe9a3e20ba9.16,"車尾公園",35.434069,133.356864
96e96c0c143f3c57b37f73e42d1f7a54.16,"前地一区自治会掲示板",35.43872,133.347263
a901171fab5741e8ab723c7b142dd72a.16,"上福原南公園",35.438876,133.354004
72fa61664b2f4504848fe81d86875c4c.16,"車尾中島土地区画整理事業竣工記念碑",35.435418,133.353962
6e50116bb8c34ea1bafd9d04b91f717f.16,"日本キリスト教会米子東教会",35.433918,133.355452
25962493535f4424909f741d13a91ec3.16,"中島公園",35.435447,133.353676
8d7e3cd40f8741aeabeba8e11d0ee583.16,"長慶山善昌庵",35.440285,133.346448
e6ddd6d0dc3f4529b9e7f7e06fefdafb.16,"高橋塾跡",35.439068,133.346342
dc2df39851d0473e9098b359ab7ac04e.16,"王子弓道場",35.434148,133.364431
3f7f1f4fd57f4b6b89dbeccbc7027e3c.16,"王子グラウンド",35.433669,133.364106
91c7cb558fb643c481e9c68f0b796ed2.16,"深田惣左衛門宗眞顕彰碑",35.437685,133.365409
71bb0629003e4e5fb4ce3b9924f39c91.16,"王子テニスコート",35.434462,133.364454
4e1e9dadb9aa46b18a3144ea02dbca5a.16,"王子球場",35.435742,133.363869
1236c5fc80a24d4ea5eed5abec643a3b.16,"日野川河川敷Ａグラウンド",35.436891,133.365907
ee0ee710aec04752b5bb6eb826295b67.16,"籠乃鶏",35.440888,133.360676
5b7a5492cf294457adc7cc3755d7f3bd.16,"上福原神社",35.442043,133.365044
44a168c3bd5f46bf9dca649a13727825.16,"上福原の祠",35.442217,133.364838
a8bca322e8d93eb2bfd12cbc5490a960.16,"食彩厨房 甚兵衛",35.424554,133.335792
2a6ecdff19e74637ae826c1c210fe659.16,"だんだん広場 時計モニュメント",35.424127,133.336233
9c175479add33065b2cc4578086e2643.16,"ときの家",35.424644,133.335102
cc18e88b860b4ab09c7429afbce92629.16,"ぷっぷる",35.426842,133.335663
881cdbc942c4315b8dd814581f8c35dd.16,"モニカ",35.425428,133.335557
9517e346f12b45f9988461cab1906c4c.16,"道二集会所",35.426535,133.336396
e3cfa5b061653968aed36f0ac18da6b8.16,"魚や圭蔵",35.424923,133.335305
e0340b9d73ef4a2fa9ed814080e0024a.16,"米子郵便局",35.424578,133.336579
b03f681b8956411f9325792f2ed11508.16,"ひょうたん小路地蔵",35.426167,133.336626
2c5b2447328733c5b5ef3905a9fe1570.16,"Darts and Pool arrows",35.424801,133.335517
be9cde024bdc47cf9994d36e55173d0b.16,"米子 法城寺",35.432157,133.342227
2f3b7fdd76ad4d1e9296f735c95eaad1.16,"米子市民体育館",35.429385,133.346237
e11d1f4c88f847b0a257ea9dc849e118.16,"どらドラパーク米子西側入口案内板",35.429489,133.345481
e29e93b00b0248dc967d26d1f103d9bc.16,"どらドラパーク米子案内図",35.429874,133.345931
c9889bad60c548d787fe21f2a96e883e.16,"彫刻作品「あすなろ」",35.42933,133.34594
8fbbad2578d842f6b3ea9de9a4178d75.16,"米子一中跡",35.429901,133.345636
f6397109d5c5316f959c25e5dade0e3a.16,"天理教伯陽分教会",35.430072,133.34553
333d619c1f9b4d54a08655a48a3c162f.16,"椎山神社",35.432255,133.341512
8a770aec23c04b7cb874cdf6758363cd.16,"奉寄進勝田神社馬乗場",35.431321,133.341434
336222fbf27c4f70996f3629c3825a3b.16,"了春寺",35.431815,133.340455
6f56e19e4d5446ff9aca8ec7fcfff9b0.16,"勝田神社　御門",35.43155,133.341287
007db17e5cb349ac986993736c4b6a2e.16,"勝田神社の社",35.432161,133.341019
a16aa7e006d54704950f62c91b7a13f9.16,"博労町地蔵",35.43294,133.339705
b15dcb5f1c574b328a409f2c53ae6d38.16,"出雲大社 米子分院",35.432135,133.340211
fa1aa530da7846fc808447b2719f2eaa.16,"造営記念　詳細",35.43177,133.341086
7acee215f5754805a4d1bcc2d6eb1321.16,"勝田神社　石碑",35.431215,133.34122
76980f27cb704de793c979defdf61855.16,"荒尾之茂卿御夫妻歌碑",35.433101,133.340685
223f60ffe99e45088e2c5f3d95afebdb.16,"博労町公園",35.43266,133.340398
3f383ff0afc9414094687b9e4d4b5abb.16,"謝恩の碑",35.431753,133.341331
c99d1ee991604eeab4ed598a91618adb.16,"青銅神馬",35.431948,133.341361
28ab3b7487cd4ff19f18be079d60c323.16,"法勝寺町橋地蔵",35.42905,133.335491
7488188a31803573b1b5ad47f4b51605.16,"糀町公園",35.428485,133.33567
fb99883add5f47d09a73eef987c4939f.16,"天理教米城分教会",35.429514,133.335564
ff898ba877014c0fb115759e2038d8b5.16,"真言宗醍醐派　米子教会",35.429321,133.335403
ead1cd660b994c37a3bf992ff5f48f87.16,"カバ",35.431612,133.33514
26a376a4cc004be79baaf84c0c491a14.16,"米子水族館オープン",35.425921,133.338818
c76c0f025e613a5f810f79161fce86ea.16,"こんにゃく坊や",35.427612,133.338286
7c626bf6a40b4ea3a38760d4d5249433.16,"雲が行く",35.427796,133.338367
f896e17eb17b34a9a9dac04268a7fc1f.16,"米子駅前のカフェ On Lento Café",35.425163,133.336722
7b64462f38b43c85b24eb67d3e1ffb59.16,"鳥取環境大学西部サテライトキャンパス",35.424171,133.336987
35075b84ad3e3ecfab4de499d28e7716.16,"日本海情報ビジネス専門学校",35.425722,133.33711
71d50ab42131474387b131e5271b6f44.16,"太陽と月の神話",35.428225,133.338497
b7d91379f0fa4e2a8088e79559e46fd6.16,"子安地蔵",35.429124,133.336717
1ba0d4934c3a43f2a652f68ad6a8fdb6.16,"延命院地蔵",35.428827,133.337438
51a7750d156642b285c2d237e23b5d0b.16,"米子市営武道館",35.428584,133.338699
f0cd3bf9c07045e18d7f79d9ecd9f9f7.16,"荒魂神社",35.431417,133.338208
60270d7a55d0305182f49c64b5b6683b.16,"米子市中央隣保館",35.432593,133.337234
4c8589e6c0f54d6d8a05528f850e1dde.16,"光西寺",35.431127,133.339111
dd4d7c02128d3ce6a84e76ae21b82acd.16,"石の汽車",35.431627,133.336939
0653e3a895643ffb80f2295e8f8656d5.16,"富士1公園の高校生手作り椅子",35.431789,133.337194
8c94bad177ba44e68e15d11deb613f86.16,"富士見一号公園",35.431516,133.337119
0d80023eb09a45cd8f61ff683dc1fd13.16,"米子盆踊発祥之地",35.432755,133.33603
5f854e61b88c466b96bbba94865c48d9.16,"歯科医院のマスコット",35.43165,133.336166
705b6a2a26b84737b69a9a903c01c34a.16,"お地蔵さん",35.432332,133.339103
3d233995f7c64143aeba19d252a19084.16,"陽田山 経王寺",35.427756,133.346015
8f6c9f98d2f44236afe849aad6e8b8fc.16,"鳩",35.428828,133.345351
e54e418ec03e40dc957c77f061245e63.16,"犬の像",35.42879,133.345732
91a855067931405aa73ef29683630eaa.16,"イルカ",35.429056,133.34528
68ec7a2414e74076ba73be758dc7a37d.16,"米子博労町郵便局",35.430895,133.339265
26490280e7f24832b49a9b8637191bff.16,"JR博労町駅",35.431058,133.340176
97335fc8be2e4897810affe61a650ad3.16,"了春寺案内板",35.431418,133.340163
e7c89aefb47c39a7aaf73658bfc657af.16,"蕎亭 松庵",35.427511,133.342196
d2101d481d264c1ea736e62f7462b00e.16,"米子キリスト教会",35.427568,133.342908
a27012e6f243492c87980525eeb20f87.16,"留魂碑",35.427938,133.341278
3b7045a1ef1948e194d11dd49be5b604.16,"鳥取県西部総合事務所",35.427792,133.339157
8b33845948e235ef8eb2f79a774ee427.16,"焼肉ぷるこぎ",35.426118,133.342452
9ad5899ea8574ba395dc7c87dc06b434.16,"道笑町三郵便局",35.424695,133.34251
07ed686117b14b5b8a0b3330f7865ac5.16,"旧山陰電気米子変電所",35.425217,133.342492
a35dd092e5d13129882ab7c2667c2e23.16,"住之江公園のカラフルなすべり台",35.432905,133.348107
7209d5c7fe1946bf9799347c8fd83226.16,"車尾七区集会所",35.432685,133.348529
fa59bcaafce1432795b2215775196333.16,"住之江公園",35.432997,133.34833
b29e8988766546a58b5ff47aef8adb34.16,"彫刻作品「つまみぐい」",35.430804,133.34822
7d0739db32273761b6b1d593b04d6d10.16,"コンクリートすべり台",35.432603,133.347499
dcdfdbf8ffdb4ecfa55d6b6e1828029a.16,"どらドラパーク米子　飛び込みプール",35.430415,133.347958
12d65611e6d1411e80721fe78e887fb4.16,"勝田東会館",35.431971,133.347676
4cb10db7bbee41e4b02bbd9e2039a507.16,"NPB 未来の侍プロジェクト",35.429607,133.348251
4fb7aa4253d4455fa677259bb731ae60.16,"東山体育館",35.430071,133.346672
dd49feabe8454a72a3623a95864f31bc.16,"風",35.430419,133.346779
9eaa7411a1274e5d9ca8174226d6a1de.16,"ロータリーの並木",35.429924,133.348455
15005debc2d74f8281dce2d5d5aece76.16,"贈　米子ロータリークラブ",35.43052,133.346364
bad9e9c8bc6a45ecb11a548f9a5eed7a.16,"米子市営東山水泳場",35.4306,133.346631
544805d6944247d5ac6951af22c4acf2.16,"第40回国民体育大会開催記念",35.430026,133.346371
b49999dc249b43e1a602820732b4b4a3.16,"どらドラパーク米子 補助グラウンド",35.429919,133.347381
44b59c7852364326adbf36976b2bfcc3.16,"twinkle star",35.425303,133.351218
61bb42feab6e3ec0a55b53fe09dd5836.16,"マルイ車尾店のチューリップモニュメント",35.432876,133.357112
30a2cff4d89145d0b6c3c611f407c99a.16,"米子車尾郵便局",35.431446,133.356612
f4b3822c33e63ab8bdf48f9d0eaa642a.16,"テニスの壁打ち施設",35.428398,133.351547
2a94e2c9836d404fbb7113ad6d053495.16,"東山公園の森　山頂看板",35.427421,133.352309
8591856373094bbc9046c7f10a1522df.16,"公園前橋",35.4282,133.35215
12316c96ac304817b4eaa7ee5ccf9312.16,"米子市営弓道場",35.42836,133.35474
1d7f052e00a54ec4b85bf6c5a5d959f9.16,"米子市民球場",35.429396,133.354389
9eabffff56f048f1aee4b9e7842380f9.16,"どらドラパーク米子球技場",35.428533,133.355037
08d0c2c1d8b948399f0c519df3906b70.16,"東山公園東入口案内図",35.428267,133.355949
cb899dee053b31dc92ea6b46e0a5c56e.16,"天理教京伯分教会",35.427028,133.349948
f215512586e23094b4d2fa4ebcecd6e3.16,"服部珈琲工房",35.425848,133.356088
e60bfa318e4e37ceb2f2360d4ca16c8e.16,"立正佼成会 米子道場",35.432953,133.352217
587c649a5ed84a8baba56b0371cb5cf7.16,"市民球場入口看板",35.429786,133.354827
cec07704c07131e5a1982c9a660f1c68.16,"あひるの看板",35.427345,133.357091
1d52aa1b14904ca3ad9a164b98434d86.16,"東山公園東入口",35.42791,133.356158
52d469e236434300b87533966c6ef3aa.16,"観音寺新町1丁目公園",35.425587,133.355098
19e05b6ff824463fa5d4dfcc8f69a544.16,"どらドラパーク米子 案内図",35.430394,133.352265
67cf11f791ed4a608cbfd91fe017f51e.16,"ＪＲ 東山公園駅",35.430839,133.351473
6fccec133a154e429382b979573f57f7.16,"どらドラパーク米子東山スポーツ広場",35.429915,133.351772
92b95d9398ed4b9caba6d23646d81294.16,"米子市営東山陸上競技場",35.429682,133.349281
031810cce002419ea1d36fd6166f2d98.16,"運動公園橋",35.430817,133.35037
7ba1ce8c5a1845688239bb9f2914c687.16,"井戸端会議in東山",35.429874,133.350692
47a876d004f7489c9356781f3d35a828.16,"東山公園避難場所案内板",35.429742,133.351186
10892f22f8c644ca94b2ccb44050fb72.16,"米川",35.43039,133.350923
dee4e8c9f1ab4d6c9bf03cffb45d5599.16,"車尾の題目塔",35.43129,133.350315
d545d7ced3f54bdb93f0621997c22524.16,"どらドラパーク米子庭球場",35.429373,133.3503
70312101c5dc36c19ad1f443166d4131.16,"中海ふれあい公園 植樹記念碑",35.416106,133.312133
a787f3f97f8249e294247e059ea5f588.16,"錦海公園",35.419239,133.322314
cbe627c036233dba9d9c0d1fb9c5ce64.16,"錦海団地の住居表示街区案内図",35.41908,133.322517
01206fe0f8ea4183827f31e0e646ff6c.16,"錦海子供広場",35.417911,133.319806
64b7bb0b3f2f4fc5b95ef75e5ad9dbd7.16,"栗島の秋月",35.417385,133.318284
2d898205ebef4963ae95f97be9a738f9.16,"中海展望案内図",35.418109,133.318691
04e187fb71b843c881d5d770c870922b.16,"旗が崎の夜雨",35.418292,133.318941
07c1a1eeb0534d81b3b767865ebac31a.16,"リス",35.41622,133.317808
47c44fbedd484a99b5346c970f41d910.16,"錦海散策の道",35.415188,133.318679
7bc66fef818542588169d160a299fa6b.16,"錦海八景　吉佐の晴嵐",35.415401,133.318435
90c5d729a97941b1b0b73413d8a75c8b.16,"向潟の暮雪",35.416728,133.317748
2f0ffb3eccbe49728f214404dfd3f99b.16,"陰田の落雁",35.415972,133.317962
3efdb97d532c4d6d8614a9fbccb9ae3b.16,"錦海灘橋",35.41904,133.319416
9f5c5ebbd5f03bfdb5c9f0cbd5af9954.16,"休憩のリス",35.418704,133.319212
bb3c7259f21946cb8a3fde57131a225e.16,"中海展望所",35.423684,133.32225
d772f795bfbf4afdb116e1f6d1373db4.16,"新加茂川竣工記念碑",35.421378,133.323486
7fa38e7a5ef630aba6e359d089cabf39.16,"錦海公園　野球グラウンド",35.420404,133.321551
c06ca4f7831f429da96f21b0419d092e.16,"錦海散策の道",35.420729,133.321008
f14c0da76207404382a194ca56895087.16,"青春の碑",35.420955,133.321731
bad4b4fdb5834258a30796059502e082.16,"錦海町一丁目公園",35.417375,133.32206
0665f229d9474eeebf7b25f8ed402390.16,"栄福寺",35.423944,133.322643
20db9b2af8bd4299b5f315f604c3202d.16,"錦海多目的広場",35.419079,133.321203
640162a431744ae997a7822e76560876.16,"錦海公園　ユーカリの森　東屋",35.419799,133.320405
2c0edc403294433aa40b7be8184752ff.16,"赤レンガの藤棚",35.419532,133.32115
bf5bc6736a1a4b13bc79799494d58e48.16,"錦海八景　深浦の帰帆",35.419628,133.320007
72a65ca7f3904fa4907697ee0dc68eae.16,"錦海八景　感應の晩鐘",35.42004,133.320281
f2eeb0f625ee4697849ed2a4c826dc72.16,"小丘の滑り台",35.419418,133.321884
740ceaadd7094af79d7cf369079e727a.16,"愉快な仲間達",35.418724,133.32051
d25628667cb343d7b83545884d67a570.16,"鉄クサリの運てい",35.41912,133.321945
6c5b1deef5cf4cd0aa618ceeaad75811.16,"錦海団地集会所",35.417568,133.322042
a5744b3241f54239bea58a509d807e92.16,"小さな夢美術館",35.418758,133.321631
ec63cd12b5f0421ca58f8a3f86669493.16,"ユーカリの森",35.419764,133.320158
6949dd9e9ad54539b305b670a9e90391.16,"ふれあい橋",35.416265,133.322527
9ab440ca912333dd9d3299385b45cacc.16,"公園",35.415511,133.323452
ba3a09cef8da3b0786d545d43c196d42.16,"祇園町二丁目 公民館",35.415636,133.323621
5b6d17947aed4207b14493f3bb3ce16c.16,"錦海町２丁目公園",35.415549,133.32056
6a0bc068b97449d8b03246301586cff1.16,"Marine Adventure",35.415372,133.313313
1a19f9d70f724579bb207d95a7f04de1.16,"屋根つきベンチ",35.415241,133.313567
8b77a0109f9942828dc418cd55fc834c.16,"中海ふれあい公園 遊具案内板",35.415054,133.313374
2ed6d494c95934f38758571aaea6c3a3.16,"屋根付きベンチ その2",35.415489,133.312804
60829cbc4c8f4fb9a0fce63b888a897e.16,"のびのびベンチ",35.414909,133.313628
e9abbb12548f31b286062fa77396f9ec.16,"中華飯店 大鳳",35.416069,133.33357
9b185c6e3bb24e32a0cd7dc987a6e486.16,"心の旅・星空",35.422868,133.333632
54f895c4a829455fb7d7babf03286240.16,"磯祭",35.421678,133.332994
792dd26107a734f9864f0230e46a7821.16,"Café ら・ぼーる",35.423439,133.333081
8484a25053484738b466170ab20b6b2a.16,"大地の刻",35.422658,133.333708
b5b0c6a545634f62bd662c16ae06081c.16,"彫刻「月に向かって進め’96」",35.421759,133.333379
dc3204b1aa5043be805d3c5cbdd15d73.16,"橋のある風景1994",35.421853,133.333114
4bf93a3411154ebea9e8014fc3db28f2.16,"彫刻ロード「はる」",35.422584,133.333923
72434703c0c149b0a8fb9629a5958860.16,"彫刻「風景」",35.422831,133.333869
ed94830e9ce641d2a6eb861aaaba2a80.16,"米子市文化ホール",35.422394,133.334081
cec585bfa7204d9e9a6da3ef849b257f.16,"米子の門",35.421821,133.332806
def9b88aa38f44b39f807312c555e79f.16,"こすもす",35.422611,133.333434
99ccc3c3f08441b6b257af5906a200fe.16,"生(Life)'92",35.422214,133.333409
e7f1b51f402449568f749ed0f8c90d5c.16,"光の沈殿",35.422404,133.333552
ba45fdbdccca451bb7d92440b979f859.16,"夏・風の詩",35.422197,133.333129
6556cb82b40c30be8cba415935471b10.16,"輪.和.環",35.421779,133.333529
2cdbc06eb584486ba59c180b06ca660e.16,"化石の街 No.3",35.422381,133.333248
54fa2feeb3fb4764a379dde5416c79a2.16,"相",35.421616,133.332649
2737c8682de53a94931b8383c2d02858.16,"油そば 笑ちゃん",35.423185,133.33409
931078535a403d3397f4a5e8880576ed.16,"牛骨おでん 壱ト弍",35.423858,133.333941
afd236d6af664db99ed02d5659e22d6f.16,"明治第一公園",35.423977,133.333314
95cf092ea5c44d849733d9dec27b0328.16,"V字腹筋像",35.420425,133.325202
464de2ae410249b1ba624fe458493102.16,"南無石碑",35.418813,133.331626
7cc7f1ea8d473137bdc62b2bf6c5d707.16,"就将公民館",35.42091,133.331636
f3cf98a7033945a6bf33042c0c5ccff4.16,"風景の芽",35.422134,133.331085
153a8312fa71447e8e94b434a05be86f.16,"彫刻ロード「OFFERING (捧げ物)」",35.421616,133.33175
0ccfd90a6b1e45528972fd83073eb47c.16,"湊山地蔵",35.422211,133.329788
6eb8d4299e7a4d7a9951955769440145.16,"塚",35.422349,133.330819
ad2a764177ae46b481b4adf7a20d045a.16,"夢尻図",35.422612,133.330513
3bdf5d8449684b57b2406b5a8c949da0.16,"地殻-cocoon3-",35.423136,133.329783
6296703cd53c40dd86c0b43831da4d1a.16,"Gravitation",35.422867,133.330184
c6c9b8010c56414d9184f08667dc581d.16,"羽ばたく白鳥",35.422483,133.334386
88a16c8e335e3025b96fec99ee741d18.16,"肉と魚の寿司 yokaichi",35.423286,133.334628
166b34cce8104e4ebff09d694fc7e6f1.16,"米子コンベンションセンター",35.421111,133.333093
a14ae79be82d394b9d052e8090f3581d.16,"大山オブジェの欄干",35.420749,133.332747
a2f5a3c32aa3466da03dcdc1e5042b83.16,"石舞台",35.421057,133.332436
f9d541a80f8b4ce99618b0602de34b6b.16,"'96 Work in YONAGO",35.421433,133.331929
a4221022126c3e21b0f186358b2c57bb.16,"米子城跡・彫刻ロード散策マップ",35.421191,133.332738
3d0b3d82bd7c41d481c5c28147cf4df2.16,"源流",35.421189,133.332647
69f0597eb84a470091b31de5047fb323.16,"湊山体育館",35.41896,133.332523
9399330942654ba1a658435bf0e94190.16,"白鳥",35.423286,133.329341
11c9bf81dcb9490ea43c8aa5c43d8afe.16,"彫刻ロード「光」",35.423258,133.326555
265720dded36427295bdcb42ea533b2e.16,"桂住寺 本堂",35.420651,133.328949
96eb9f92b50b4e66b8205ef00a5d1ec7.16,"総泉寺 水子地蔵尊",35.419447,133.328967
8c91d944caf44a3d8667b084b2b33154.16,"総泉寺の由来",35.41968,133.328989
9f8eddb68a4a48fcbf9ef605d75d34a0.16,"総泉寺 永代供養塔",35.420092,133.32888
53ddd49af9b342e1b17f5fa92bc22417.16,"総泉寺 観音様",35.419711,133.328733
1082320bc82f491b98c18f9e953103af.16,"総泉時 本堂",35.419396,133.328658
269b37dc63ba4112ad414eeb8579f24c.16,"総泉寺 山門",35.420058,133.329181
34f43fc9543f4359af0c187bf66a8828.16,"桂住寺 観音様",35.42035,133.328781
dd114f1082c6408bbd36b0629a497773.16,"桂住寺 門",35.420425,133.329227
b6ea302cc93349d88d4ac4571884f0a6.16,"常住山感應寺",35.42291,133.328447
3cef33d4418f44359379c993dc0f871c.16,"英霊塔の夜間利用について",35.423888,133.327272
5e6685f2bdbd477ba23b2dc3821914be.16,"愛宕神社跡 石柱",35.421378,133.328814
ec975b77472138459a17224409cf4d3d.16,"彫刻「作法」",35.4234,133.327291
25559b1e5fab4a60b39ebaf62df3a12b.16,"祇園地蔵",35.423166,133.327908
cd2bb3868c244f3a9b2e355fd6a230cd.16,"彫刻ロード「再生」",35.423592,133.328052
0c0e319da6c746fe8f158c805256efd4.16,"やな井戸地蔵",35.421154,133.329294
47e8807fce3440dab63aeb08fcc933f0.16,"愛宕神社 鳥居",35.42164,133.329308
8a2c1194570e4d0f81a3c1e2414f6864.16,"深浦神社 鳥居",35.421966,133.326058
7a28ce0be5544bdcbf8bf5e127d90ec1.16,"深浦神社 手水舎",35.421953,133.326348
554afa7a9dea4bc89b181808bf4b9d00.16,"深浦神社コブラ",35.421996,133.32663
481ea047ec03422b8b8f410e392c0bad.16,"米子祇園町簡易郵便局",35.417698,133.324775
fba8af2610423bb1b696fc5816e87d77.16,"米子駅バス乗り場 観光案内地図",35.422825,133.335512
51315cb41c1d3fc2bff84f0978c84513.16,"名物米子丼 ami ダイニングバー",35.4237,133.335182
6cd17cef3f723250af3af57f0b13c0af.16,"米子市国際観光案内所",35.423303,133.3362
dad1c04a40da44beb568d07b48ea764b.16,"だれ",35.423014,133.335086
71d5fd7979ab4b17bd9a8d33aca0fcff.16,"山陰鐵道発祥之地 米子 C57 43",35.423251,133.335703
3a3ee8964eea4beea321dd3292b408c8.16,"カバ",35.423176,133.335994
0319a1bea01741879fd87bf3ff582830.16,"目玉おやじの道路案内看板（Kitaro Kaido Rd.）\"答え\"",35.423876,133.335351
3e7e73f718e547709119c07cb049fea9.16,"山陰鉄道発祥の地",35.423965,133.336389
8b7fb29395d04ddfbb2e5c8f578dbd72.16,"米っ子合掌像",35.423507,133.335959
96dd54f71f9f457987fccd99264035fc.16,"こころの言葉",35.422489,133.335522
707059a3638f46509eba67781a1d0a28.16,"道祖神",35.422217,133.335086
6dcc745394a24b46b0a1a9e552f63631.16,"旧加茂川放水路改修記念",35.419841,133.337445
12abc9ffa02d3e97a7d5590a3d7107ed.16,"西部 平和と労働会館",35.420907,133.338572
8480feae04cb3a9988e6cb8eb83157cc.16,"加藤商店",35.418661,133.341456
09e8ce3ca26941dd88c30b93ecb84c02.16,"目久美神社 狛犬(右)",35.420528,133.339799
b7171229d1e44a619b03ed2d2d9a1e19.16,"高組湿蓮大菩薩",35.418471,133.341411
27fd4b723c6b40dc8cd8089c1bc7cc68.16,"観音堂",35.418734,133.340027
ef9d7f2cb2d637a1bdddce33c9bf746b.16,"目久美公民館",35.420359,133.339888
3e44f256bae942d7b6d9d505051ad180.16,"目久美神社　鳥居",35.420477,133.339959
517493ae5fd348c5b499568c892dfb00.16,"目久美遺跡看板",35.420359,133.340308
ff1c15ced7dd4d9b9f76087e3b8a55d3.16,"目久美神社 狛犬(左)",35.420504,133.339544
789fe1e58cbf33fbb595c600d85ab490.16,"ラーメン 修ちゃん",35.420985,133.340374
0ce184467af24126bf619f7e0dea0caf.16,"米子駅裏土地区画整理事業完成記念碑",35.422371,133.340324
e90808b3f0f44deaad9f590b33c9e27c.16,"目久美神社 境内社（須賀神社）",35.42071,133.33972
17a07234bcb6352bb5b58dc9f6aeaff2.16,"目久美公園　避難場所案内図",35.422409,133.339756
e1daaa7e6b2445308638fd0b75b831b8.16,"目久美公園",35.422224,133.339969
0c080f0c6da54f148bd19852b892d75d.16,"いったんもめんとねずみ男の像",35.423961,133.337111
8e080bc402a13170baa213fee204f1f1.16,"JR米子駅南口",35.422583,133.337411
41ed08bfc193322cb4bb188912f69d37.16,"弓浜絣•強力米ベンチ",35.422936,133.336762
c3b29e026c644f9196ec81d09a017d7d.16,"味の名店街",35.423983,133.336884
1957a2fe035130bd8407b978323ae799.16,"足尾橋",35.421907,133.338666
2c5d8af63564361a8083efa94b755135.16,"よにゃーご駅の駅名看板",35.42366,133.336852
9096b31b705f47b999e123476c35db6c.16,"南無地蔵大菩薩",35.415861,133.343926
8e14012f72203db4aab4c9354ef792ac.16,"美吉2区公民館",35.419837,133.342116
c0ec8fabd3033363b9394609bff3f4c7.16,"小さなお菓子工房 ふーるぽっしゅ",35.421714,133.341836
32ee7fa4d01844998e3281c4e8ac77c2.16,"猿土手橋そばのお地蔵さま",35.419686,133.341609
08389d4a918d41d59c3d40d18ed53c1a.16,"お不動さま",35.420257,133.335588
2506f383e1653966847c309b6ab0e6c7.16,"関西風お好み焼 せりな",35.423588,133.338506
5512b210a38237debb42a3cabd42df3b.16,"花びし",35.423502,133.345309
afff770c09434da5b5f6dc6dbc1a6f66.16,"広田神社 鳥居",35.417485,133.335654
3713b56008e4418dadb779c7f54a8ccc.16,"お札地蔵",35.417704,133.335139
e1daf43163a54c4c8db7c64ea7bb0dd7.16,"大谷町公民館",35.416119,133.335916
a176e857ace84b4b8b3c9141ca300e5a.16,"なかよしひろば",35.41636,133.33576
d4435f1ae1994e028644ec88a6fab2de.16,"広田神社",35.41764,133.335912
40624acd58964cb684b8e4a014cfbd66.16,"広田神社 社",35.417835,133.33602
6f6c62be9c1b33a5ad3af3aad8e4b77a.16,"菓子はな",35.422701,133.341265
5fb89ad0adcd480fb7cc81451143f96d.16,"地蔵群",35.42234,133.343988
fb63a53094aa4d1daf7900015cdfb9ce.16,"慈眼庵",35.419243,133.358174
ba7cbf3e54f24eee821961734125b7b0.16,"新宮神社拝殿",35.41967,133.357937
2119e195f8b9462b99cdc6daf72376b2.16,"藤内稲荷神社　鳥居",35.4191,133.363562
78c84dd3c7dd4fccaa785f69e328e0d3.16,"米川頭首工紀功石碑",35.417406,133.364758
503535062672421ca5e445d2b16859a8.16,"米川頭首工紀功碑",35.4171,133.364849
d96c609f1f9b404a8a2e824f4c331528.16,"藤内神社本殿",35.419331,133.363193
cf3c3250fcf140e39181b3b4bd7f4853.16,"戸上山の地蔵",35.418358,133.362775
17cd864a62974e43b1da41eba5c22e8b.16,"観音寺六地蔵と三界萬霊塔",35.419273,133.360565
25196bec6d6d4c2383069a0ca177016c.16,"新宮神宮 鳥居",35.41971,133.358674
02d9b9c87ae64d20ba5d375d10afda55.16,"観音寺公園",35.419671,133.359015
be208de66cab4fd093df37bea1b6f122.16,"ほたる公園",35.422176,133.359974
e347332cf6c04263a76284194b6bdfd1.16,"ほたる公園竣工記念碑",35.421602,133.360437
d2297f13d4ed44f4b6e3143ae1809847.16,"観音寺公民館",35.421793,133.359783
0591b9766a2f3370a9b9ecf4a803278b.16,"グランカフェF",35.42322,133.360859
69ae78b197ab4609b0875c231432296b.16,"中海ふれあい公園",35.413506,133.311459
5b9df7af5c7233a8941d11395dbbb056.16,"中海ふれあい公園 西エリア",35.413401,133.311047
2cd79bf43cf33bf0abb92a7e3887e58c.16,"ランニングコース図",35.414044,133.312588
81d0d5f757b3430c9eb198a0020f1709.16,"日御崎神社　鳥居",35.413552,133.326501
b23c07ed501b40809e2ddfa4bd0696bc.16,"日御碕神社 横参道",35.413131,133.326082
63fc2ff005de4960a32073a40efd4188.16,"お地蔵様",35.412727,133.325818
c108909076e13a70b4ec8cdd62509a41.16,"宗像ニュータウン自治会館",35.413027,133.359553
8358a80b5dea451899fb80f8535080bf.16,"宗像ニュータウン すべり台",35.413686,133.358543
dfd24ce4e77345c8837639f8b07b85fd.16,"庄屋のカッパ",35.424833,133.334345
054fd9f66ff73637b98e57f0e49ee4e1.16,"美酒佳肴 ゆらく",35.424034,133.334517
bb079068e5563151a80cbb0fbdd48eab.16,"焼肉ホルモン だんだん",35.424242,133.334677
81dba7bcc06d4b528d268a764386bb70.16,"塩町地蔵",35.424164,133.331871
af1ec83cd8683a02ba6765caceab867e.16,"米子湯",35.424458,133.332985
c50a2aa1bc4e31df828f0b1a4e25c379.16,"和食居酒屋 和咲美",35.425042,133.33318
989980bf70c637cbaea0bb9839c94c8a.16,"明治第一公園のパーゴラ休憩所",35.42404,133.33353
0c7a132384324e23bea06820acee4f56.16,"34.みなみのうお座",35.425145,133.332504
0fa9bd0ee71a3860aa4cf3533cc495cf.16,"山陰の和食居酒屋 旬門 米子本店",35.424548,133.334178
7a7a1f81811f36079ec44c0219b40910.16,"たいやきとお茶の店あんあん",35.425063,133.332011
82dd2eb737b44749b884b19271ac96fa.16,"36.ぎょしゃ座",35.425362,133.332054
635dc78dedd24e25b41adcefed6063ba.16,"米子城のタイル絵",35.425728,133.332539
6cc4585d169e4b4f8e93981a07233364.16,"13.かに座",35.425533,133.33217
4048a2fb25d04e88bc0d3c84a1f30051.16,"35.おうし座",35.425256,133.332265
720d0000ba323218aa403075bac2424b.16,"日本料理 伊在",35.425081,133.334028
8f97ab4a1b3047b9887bdb4e9ea47d3f.16,"12.こぐま座",35.425392,133.332428
8f954a93954b4e93896d2383682b4b23.16,"城の灯籠",35.425543,133.333193
8e2adf67b4393a9baf7997fc5f8e9a0f.16,"ローダンのラーメン 米子駅前店",35.424068,133.332378
bf99adc12bc54e62a50c5b20524050c7.16,"23.おおいぬ座",35.427244,133.329474
4558ca1426d7446db480dedf696e7f5b.16,"米子駅前通り都市改造完成記念碑",35.425623,133.32976
258ca365b11732beb2f8ac3504a05f9c.16,"お食事小料理すえ",35.424733,133.331703
cf59f2cad22b4325a25269a29ccfca10.16,"東町公園",35.425684,133.330025
da97086ff028446795299bed9bc3bb3c.16,"39.エリダヌス座",35.425929,133.330987
b100d4bcfa67332caa443aacccf25166.16,"焼肉韓国料理　大力家族亭",35.42498,133.330266
fa075b00a42f4b1cba0f92a41d7b70e6.16,"41.すばる",35.426234,133.330511
2810cb65f3084e6db4ee574192c66f84.16,"37.ふたご座",35.425632,133.331655
b514eeefaf514ca691b825e4612b54b1.16,"16.うしかい座",35.426073,133.330736
f8d7aa19091d40e7b5be621f29e6bb94.16,"14.しし座",35.425785,133.331671
901ca830edf0404a8478822a9a2952ff.16,"19.からす座",35.426671,133.330277
9458c28576ac41b4a39c5e0a43398e37.16,"43.ほうおう座",35.426569,133.330043
d319eeb11d934d5f8f45d7cf33e7628b.16,"15.かみのけ座",35.426075,133.331133
bd5a2c2908dd4410afd395e8e160575e.16,"42.つる座",35.426403,133.33029
bcbcab2e386c4ba995e0ea93598688c7.16,"りゅうこつ座",35.427125,133.32967
80448e6204b13e85a34df81e355fd19f.16,"Big Boy 米子富士見町店",35.433144,133.334244
84cb8d8a0b8034d5ad8550190b8b1a76.16,"BigBoy statue",35.43317,133.334112
24f0e0b222cb34f58b8c2f448a466f96.16,"米子市中心市街地地図（米子市公会堂前）",35.432935,133.333338
728018ff347640ceadb0ea495ca5c3ab.16,"鳥取県電信創業100年記念碑",35.432947,133.333044
31e4edb9421c4581a901ff0e9c9da676.16,"米子角盤町郵便局",35.431821,133.332623
64d3fd79bf2f45c7826a27995a57ff7d.16,"カトリック米子教会",35.430802,133.332182
a859d162f537411c9d3291aff5a0252c.16,"える・もーる①番街南口",35.431906,133.333396
90f72d51ad67373c8e0171fa268b352f.16,"GOOD BLESS GARDEN",35.43119,133.333599
247451c3b63c3a708c65746805479424.16,"Chukai コムコムスクエア",35.430656,133.333227
4e345abf363144849ea565ff451538e8.16,"明日への手紙",35.43241,133.332793
bc904192358c4ab18415866c9665ac79.16,"える・もーる①番街東口",35.431649,133.333958
ec4bd30159e23bb6b7e84133e9204590.16,"とり料理 さんぽう",35.431603,133.332379
a375842c42c0301d84c4a2109d0a8022.16,"Maid & Bar めるてぃ×きゃんでぃ(山陰初のメイドカフェ系コンセプトバー)",35.43138,133.331225
b2203f7667b04480a3f6f27fdd4212f1.16,"朝日公園",35.432725,133.330137
8ba4637864ae39f1aeca7b692e43c514.16,"ホルモン焼肉 きむら 朝日町店",35.431595,133.331315
7f0be53499d44510a8d77983046c363d.16,"朝日公園",35.432595,133.329787
d2f3f2957e984f159f548b21a14b5dc8.16,"富士見2号公園",35.431738,133.334961
39de7aa2c0b33fcba5614023f4a6a2c4.16,"やきそば専門 福や",35.427032,133.331212
3d8050a6f4c23c4591ddd793690d3379.16,"喜怒哀楽の図",35.428686,133.331283
e2b44deaab2a4fa0ad0e75e7dc84b7c3.16,"米子市役所旧館",35.428957,133.330326
5b54222b1a8a4efd8a79f5b3b9f3e6f9.16,"米子市役所 第２庁舎",35.426858,133.331324
c62c77d758a74bc39711f81a687c4618.16,"米子市美術館",35.428599,133.331137
6592862167744fbca0197a0c5b27d1ea.16,"米子市役所",35.428322,133.3306
c6a758e958eb31b79240d8b9f6688971.16,"東京2020記念ゴールドポスト",35.427647,133.331387
9518ba896cca48d5b9debd1144ac0c51.16,"米子市自治連合会創立50周年記念",35.428022,133.330668
360e493399204fd38afcb493bfe69b51.16,"地の詩'88-予感",35.428139,133.330443
d7fc62a5f6a04db2ab4b93863d4fb5cd.16,"山陰歴史館",35.429185,133.33043
fc319cf171b1479ea22146ea09c36721.16,"横たわる人'87",35.428196,133.33164
92ca6a801db647af9873c2e8e7ccc015.16,"博愛病院生誕の地",35.427964,133.330346
082f34456f5e4693bd8baa0d035a8788.16,"就将小学校 学舎の跡",35.427487,133.329478
1dfec05b6513490ca78b3fc77be93da8.16,"米子市立図書館",35.428473,133.331506
91fdc42d51414fcda355841cd27a554f.16,"出現地蔵",35.430575,133.330703
650ce6afcc584738b65d6950d99c1ae7.16,"川守り地蔵",35.431469,133.329779
d544c12ebb0638d78091ecf6fc9155b5.16,"老舗山陰料理店 民芸食事処 おなじみや",35.430908,133.331384
6aef4a12f1dc3910be865891c029cab7.16,"旭橋のステンドグラスみたいな欄干",35.430262,133.331595
7812415641e744859fc06dfbf9404cd8.16,"泉水池の像",35.429406,133.330589
b4ef45034d5b4809be948d378aff5195.16,"木野山神社",35.431397,133.33059
e780827d016e40ba91668d2dcd24f472.16,"咲い地蔵",35.430601,133.330977
eb4703a03be74241923f3110d5a5c830.16,"瑜伽堂地蔵",35.429617,133.333667
2e75b964ac7744868c26b0e0bf35a476.16,"やっちゃん",35.427921,133.334101
2a1342ae3450363b9344be93630746f1.16,"れんが通り",35.430318,133.332862
d5cec9386ec24b079b46d275903e05e4.16,"加茂かめ",35.429615,133.332531
c023ae15628f3572828c220ef2aaa7a4.16,"CafeRestBarドドド",35.429386,133.332245
3f02beb775c949b8baa36b1f6a17a510.16,"米子合同庁舎",35.427592,133.332872
e7e88c9177423c948a299381713c2aa5.16,"東町よりみち通りの歩道レリーフ",35.427188,133.333968
eb02d9274ea44a1b9dac3adc49286efd.16,"テニスコート",35.427701,133.332388
bce3db4343403e1d8b1d5ce3e9549ac4.16,"海鮮居酒屋 とみ家",35.426377,133.332204
40675e42b38e45f7a4c8fb689077b202.16,"旧法勝寺電車",35.426821,133.334139
807227e32fa3475499e6d991fda26b49.16,"明道教育学舎の跡",35.427585,133.333339
1e9060398b8c4797a5a74cb279fc468c.16,"こうやまち常夜灯",35.427988,133.333152
b7a87dff0a9f4531b4f42b0594441998.16,"米子元町サンロード郵便局",35.425833,133.333629
aa48f65cacdc42d39c75a7f63983eefa.16,"米子市明道公民館",35.427991,133.332767
459fe99a423943b994e4f3a7ef0cc0ec.16,"からものや小路の石燈籠",35.426323,133.33417
9ee6ca0ef51f46248d50964cf37849cd.16,"榎神社跡",35.42736,133.333521
b073f1a6f0003598b48121d2deed039c.16,"よりみち通りの道標（米子市東町）",35.425997,133.332794
8b017514116543bd9056cbdb16fb96b1.16,"元町サンロード 白鳥壁画",35.425908,133.333697
d5fdc5ed3c2c30c78b441828649502b5.16,"トラットリア ラ・リーベラ Trattoria La Libera",35.42688,133.332463
1c3a4d3a36014c56847a0b14b27319e7.16,"昭和天皇御野立所",35.427911,133.332308
09c76dffed8e41d3892bfca1ba57d309.16,"星の舟-まずは今、ここに来たりて-",35.42812,133.331981
81dd48604aa1406a96340c5b18fc0351.16,"米子ロータリークラブ創立60周年記念植樹",35.426835,133.33439
fffe15cb49954c9dba0efdc8d994bb25.16,"ひょうたん小路の石燈籠",35.426649,133.334537
3e5afd42dee437728296bd143ee21a67.16,"さばしゃぶ 串揚げ 弓紐",35.425281,133.334408
ec28945d53ff3a2d81bb2e476367feb6.16,"元町サンロード掲示板(道笑町1丁目)",35.426908,133.33485
85c3bcbe58914b70832ec0cf682ee822.16,"ゆうちゃん",35.427222,133.334946
316e9badb5ee4f9c88eada37b32576f7.16,"米子市の水道水とビリケンさん",35.427358,133.334799
cb7164c660064b1a943f31d601ecb949.16,"西念寺",35.428022,133.334632
b1b0e35f28a34695836fc74085d197e3.16,"れいちゃん",35.427692,133.334427
7b38771da614474ca14e9424ca9db26f.16,"皇太子殿下御結婚記念樹",35.429299,133.334972
d376d7471a444ca78eb785d0b5cad968.16,"涼善寺 本堂",35.432693,133.328398
ea4a31b9a3d54031a8090cf16e446e86.16,"本教寺",35.433129,133.327572
ab4eecc9776c404a86c3a1d5f7925908.16,"米子加茂町郵便局",35.428231,133.328234
a1761fae33843ccda21895fea12cf601.16,"ボランティア・ロード in 米子",35.42757,133.329264
b94e16d243f3476b89ca1d53a4ce6ed2.16,"一銭屋 岡本",35.432812,133.326941
ba746ba5a7bb4b428f6d8f08700f9385.16,"米子天神町郵便局",35.432666,133.32501
a76e7f891e27469494c963398ea3c590.16,"塚と橋地蔵",35.432749,133.325509
1c3b85022af84349ac81d2b72a18a6fb.16,"橋番地蔵",35.433071,133.324638
66f3ea1bac9548d49a081612cfc4d1ce.16,"米子城執政家老 横田内膳公",35.432978,133.325493
9617608081544603bd845b7e95a43f66.16,"木のブランコと滑り台と鉄棒",35.432635,133.325786
28db8d3ddc0b4c05badabc413162bfb7.16,"米子城(再現イメージ)",35.433175,133.325613
97859354d5314db78258f3c1688f2704.16,"中ノ棚橋地蔵",35.432339,133.326372
d2ca8a9f38ce46768f43063692eb5afe.16,"橋守り地蔵",35.432905,133.324862
5c30d3ff62314b7aaa5ce01df5880faa.16,"石灯籠",35.424769,133.327463
01578d70a03d3704a3893b11c25a5525.16,"柳生奮戦の地と飯山城跡",35.424325,133.326386
e934c925e3154ec0bd41b34e99814b62.16,"鉄御門跡",35.424668,133.324642
d4ba156e1ff24ade84de938256bc063c.16,"米子城 四重櫓台",35.424862,133.324748
82c251d3d1b440b09821f072f8e475b7.16,"宇気河口神社　鳥居",35.431111,133.32436
2e95073d90274ca79446ad4d6351b5e0.16,"眼の時",35.430061,133.323844
a3eee9e1423f44db8af3a6823deb2765.16,"字気・河口神社 本殿",35.431181,133.324013
75b751a571a843e2a223bdccbca724de.16,"つなぎ地蔵",35.431815,133.328475
144fc7b2815b43f685f26db3747502ab.16,"感謝之碑",35.431215,133.327846
21504ff406f94b3d9989ae42c9183755.16,"カッパのコンちゃん",35.43071,133.329038
be390fea12814812a88b67ebcb36d46f.16,"よなごのかっぱ",35.430932,133.328654
a5a248635a594cfbac672525dc5bcd3e.16,"米子下町散策マップ",35.431145,133.328346
21a363689e094a9fbbcfb09d1d2de888.16,"加茂川のカッパ",35.431056,133.32844
f730f01f8da04e9d817b2592c6d4ae8a.16,"今井書店創業の地",35.431619,133.328789
6422e6b0602d358889c194c70bdf770a.16,"米子市中心市街地地図",35.428806,133.326815
6c597a064ad1431dbe3a774a4182ee9d.16,"天理教錦海布教所",35.429981,133.324791
22e0149e38a54fc7abaa4308d1193a9a.16,"元稲荷大明神",35.431038,133.325224
92e68e3ebf104fbe952d793a9a544f2b.16,"良善幼稚園建立記念碑",35.429749,133.325357
84271c0908693c5dbfd11f909103b7d8.16,"内町集会所",35.432406,133.324086
d744b5640e1548fd8fd98cfaf09d37dd.16,"湊山　三角点",35.425084,133.324416
32c785a93f0741d1b54d57d71a7ea107.16,"遠見櫓跡",35.425222,133.324266
fae8ea66f71a434281a64838157c8161.16,"米子城跡",35.424766,133.324337
d9bf81a4d57c39fc9366460bc73b5b61.16,"二の丸跡",35.426537,133.325408
a31288d1be764a918b232aeb23fad747.16,"城山弘法大師",35.425259,133.326218
4155d1d16c214e90a8d15dff53a27be1.16,"御殿御用井戸跡",35.426102,133.324953
6e5830f7f679478ca3c3acb0cd348f32.16,"海・山の絶景！湊山公園と米子城址トリムコース",35.425991,133.326551
fa209f8ada7d3afaade70b69b6411576.16,"湊山テニスコート",35.426165,133.325571
ea12cef33738426ca18a4792035ecd26.16,"米子城跡 上り口",35.424862,133.326159
62e6d9b081d03aadb32a0ad6c27cba4d.16,"米子城跡マップ",35.426157,133.32672
2f72cd61e33f4a2dbc99cc38fda039ef.16,"番所跡",35.425143,133.324863
32e746faf4924ca49c16c32095844d6a.16,"米子城跡 旧小原家長屋門",35.42596,133.32569
aa52d706cd65424ebc0e5b1c5a44e383.16,"第七番 光明山十楽寺",35.424831,133.325829
d3c7453f024145f2a85a67d5a3a11391.16,"米子城跡 枡形",35.425923,133.326184
62e1e7459e2e49818ddc148e0c090927.16,"天理教米子分教会",35.426141,133.327033
dc50da3ba27c4627b0efa89fc4e613d8.16,"城山大師 案内板",35.425563,133.326292
18d1993f3e4a47e8b7c8e7b112c484aa.16,"裏御門跡",35.426788,133.32481
1f8bef5dd1244aabbef792b785f5ab63.16,"飯山の祠",35.424424,133.326587
9e1175fa7927405db80c9193f390fe9c.16,"がいな太鼓時計",35.42733,133.32892
67bbf73b00e6451e9f46c00afb6b046e.16,"賀茂神社天満宮",35.428146,133.327821
bc9446b96f2342bb83b4406be8f8ed92.16,"賀茂神社天満宮 手水舎",35.427958,133.328066
1a508da2ffce4d16a96aca4bf169ccac.16,"うさぎ座",35.427116,133.329309
4da6a6a8bb87461a91fc188a9f52d89b.16,"金光教米子教会",35.427637,133.32851
11b21f9f311b487e9bc0adfbb4864211.16,"光る福助",35.426843,133.327788
39f7bda601993b58b6c85db292228ff1.16,"米子城 大手門跡地 案内板",35.426273,133.328409
21d6407221c93958ab50bd28dea5a034.16,"内堀通り",35.426874,133.327412
0c5aa6aa0cea478a8869d8f62291c15d.16,"ANAクラウンプラザ米子チャペル",35.426081,133.328214
df6448cdfdcb4ae19606ac82cd23b159.16,"道隆寺",35.425699,133.324636
753fda6f84314fa38fdb88945abcdfd6.16,"米子城趾　内膳丸の東屋",35.427249,133.323758
dd6ebb27ff5c49969f9beb5259b39a3b.16,"米子城跡 内膳丸",35.426806,133.323904
bec998f082ae4259bcb2df83d07e3f1a.16,"湊山の植物と野鳥",35.426068,133.324231
fca1ae6dd4744045a6823d8abd763299.16,"中海展望所への道",35.425866,133.324118
083545e65ae44c83ad7fceddf4e259ef.16,"市営湊山球場跡地",35.427715,133.326184
001bf149198a3ddaa1c6be7eeaf125f1.16,"トリムコース200m",35.427246,133.327002
29483103e6e94c2495bf66effddbeabb.16,"清洞寺跡碑",35.4307,133.322938
d3ba36be53824e80a55641fb0284519f.16,"天理教伯耆分教会",35.431451,133.323519
456654f500ca4432b79e51f5a51a0c4a.16,"宿借り",35.432555,133.322859
e587d083f9f2483babc24bceaf642047.16,"清洞寺岩地蔵",35.430786,133.322672
a3a97a6519dc4ff19eed15d1ca8bcdee.16,"道路改修記念碑",35.430775,133.323354
db17d63146bf46c487f45a5b1757a400.16,"耕地整理記念碑",35.430549,133.323444
dffab33c4bd546829f66a475252b8b49.16,"米子市下水道部のオブジェ",35.431299,133.323057
bc535ec48e4849b38cf9d91a708b488e.16,"前神寺",35.424665,133.322923
c35ec559461d4e548df37fa9d98c6479.16,"宝寿寺",35.42507,133.323052
469688174f1249408d2dd32685dfebd3.16,"城山の池",35.425779,133.322577
3c4e3f60ecc44b958e75471529c16c87.16,"国分寺",35.424178,133.322623
f732e1957cc24bebaf82cec57e570b09.16,"神恵院",35.425242,133.323147
c39bcf461399471aa113a377fea20f07.16,"観音寺",35.425393,133.32349
5fbe6987cb2a4c4281bf019202436d59.16,"吉祥寺",35.424828,133.323017
3b7c99afa267469897e33e68eada5304.16,"顔がまん丸いお地蔵さん",35.424579,133.32233
dd997052ef3149eb9cde48ced9c829f6.16,"水手御門跡",35.424769,133.323601
551788bfba7e455190effea747f104d6.16,"繁多寺",35.424037,133.323137
6ca7e5b7b50b44f18807b8d292737c97.16,"円明寺",35.424133,133.322889
2555d47cc25c4a1eaff94dd41e653b5a.16,"大興寺",35.425233,133.322921
3226a5edaaaf4c08b5445cde710869bf.16,"見晴らしのよい休憩所",35.427724,133.320846
11b26222e7ef44b4a8ebef5565b53f90.16,"出逢い",35.426773,133.321172
91270dd8212744e4be8fd0ce8b0aec22.16,"湊山公園 「錦海の七珍」",35.428397,133.320709
10733f20a62d41e09ceef03cc5f1ebd6.16,"彫刻ロード「語らい」",35.427967,133.321396
f5c2007b8e9f4c61bf02dbd1985a6fdd.16,"白豹の像",35.42838,133.321074
85482a79ae944d9db046b9847407d16b.16,"黄色の時計台",35.428313,133.321508
0b228d7231df409ab04d04fb6ef9b240.16,"獅子像",35.427949,133.321645
85323ff62c994e8c9bee4636f9eb301e.16,"猿が島",35.427715,133.321496
7bc5bca8d64740b6984a9caac10dd28f.16,"余り茶色じゃない文学碑",35.428529,133.321853
407eb0160573450d915fca8dd314c2ea.16,"湊山公園「米子城最古の絵図面」",35.427594,133.320582
5b080b8798fd450cbe98c889ff7dd8fc.16,"湊山公園 D51195号",35.428249,133.320911
24ed30a796e649cba2f929d39a9f47cb.16,"左ライオン",35.427014,133.321259
22e0c883feea4c868c8c8f6fa774b65f.16,"湊山公園 カンガルー親子",35.42827,133.321248
cc256d3e90e0481b9d13cf31c9b54f3d.16,"あかね雲",35.428186,133.321767
f2d43f4ac3c44f78ac1dc3412e053bd4.16,"創立30周年記念",35.427061,133.320946
4cafb0bacad04d2db5424cbf6e0d116e.16,"友愛の森",35.427539,133.3212
632f97d29f78449ca22523cfd0805cd1.16,"湊山公園 入り口",35.430064,133.323584
467147c599094fbba5f14610ae6916ab.16,"湊山公園の灯籠",35.430247,133.322571
1c5baad24d503b78868482998804b39b.16,"湊山公園の蘇鉄",35.430311,133.322981
1e3d5edee666482a9e1a5c14e99e9628.16,"湊山公園 東屋",35.430031,133.323029
b0b33d6e2d7f47f6b9bd5deb854f90b0.16,"彫刻ロード「ゆめについて」",35.42493,133.321859
c756627507ed4acea8696042b0cb1a02.16,"第一回中海造成",35.426691,133.320371
60f14d5b45ae4cf4a680a0fc9bf8384b.16,"米子市街地案内マップ",35.425918,133.321762
f583d044ed22440f8738bef0d27fc674.16,"彫刻ロード「YUNAGI」",35.425143,133.321576
f66e554cbc0549fe8048cd20415fcbab.16,"キノコの水飲み場",35.426076,133.321441
cd0951b008734de890799a7bab2ed0e8.16,"湊山公園 「出山水泳場」",35.42582,133.320088
5a854ba0a0224650921ec02b5144f1b7.16,"記憶の形象",35.426366,133.3212
b2913f04a38d4f91a94d24a469c3290a.16,"香園寺",35.424211,133.322043
ebac00b6585f48618b0fbdd5ee0a0dba.16,"とりでの山",35.425726,133.321754
5f0650b73cbf399c9f9ca5bde785f287.16,"湊山公園の休憩場",35.426741,133.320905
778598daa1004f98b93bc2c214bb064d.16,"錦公園の護岸堤",35.430591,133.321363
19332fb86cc34455abdbbd6cda35bbab.16,"湊山公園 「大正中期 加茂川河口」",35.429298,133.320943
f60f3f6a2f244dcbabdc04c9ebb5cafd.16,"清洞寺岩",35.430145,133.321156
e7d24c2d9fef444ca7fdaed256001758.16,"彫刻ロード「米伝説」",35.429107,133.321774
b806356f8cc246c59ce9b413cef3a831.16,"水のかたち",35.428789,133.321711
166304a713d3415eb65f1d1b6d72a73b.16,"斐伊川情報表示板のご案内",35.429691,133.321456
0fe59a49697c4a9f877d164a5e37e300.16,"みなとやまプレーパーク",35.430377,133.321716
921d9801704b4d86968278d8a06068a4.16,"ステージ",35.429281,133.321244
d6227cb37a764dc884ea533f300ec647.16,"湊山公園北 時計塔",35.429582,133.322071
c00e71f4df2e4cdc8c0c24a538ff5c01.16,"遊具",35.430064,133.32206
fdbf8b0a25d64b378932484671389b43.16,"米子まち歩きマップ",35.429438,133.321919
3933798cc7af4959839f36ea0d0d8de3.16,"湊山公園の歌碑",35.428883,133.321932
480a3ab4126543f5b850b597263e2e5e.16,"湊山公園 夕日",35.42951,133.32105
f38923eb6b33447db003dc35c6e1e76a.16,"鯉",35.429871,133.321659
c779caf4aaaf48d09ee60f070365057f.16,"米子市児童文化センター",35.429787,133.321968
fe3c2e56055b4440ba9aa51712d7ebda.16,"米子城跡登山口",35.426088,133.322814
8776f4c445fc4968aaf7023190fb8f73.16,"医大横のお地蔵さま",35.427595,133.323227
f57deb23fe883c51ab6c0dbe2e0e407c.16,"鮨よし喜",35.42362,133.347168
a6f04a8cc99f3d6ca779d09567b7dd14.16,"奉納大乗妙典六十六部日本廻国",35.420677,133.349454
dd827fadd6fd318f956ce42d1482538e.16,"長砂町内広場",35.421879,133.350497
a2e1953bf4b038e092d51f3399c5105c.16,"モンパン",35.420951,133.34985
68205379134d4b09b4d112ee03e3b592.16,"水道山登り口",35.423339,133.353095
d6db8fd2c03a44ab9cdc5b6dbfa679fd.16,"水道山山頂の防空壕跡",35.422951,133.355286
a6ef519cc1864378a807a87a317046d5.16,"水道山の森案内図",35.423473,133.353974
b7584cd443514cf5bcfc5bb6006d9da4.16,"桜の里 登山口",35.418892,133.354861
0f69682bf73b4b99882dace4d4856537.16,"長砂町集会所",35.420665,133.354441
c4c6ddcd946948779c58b3bcb5252728.16,"桜の里の森西側展望台",35.419006,133.355926
2e601afbc1a24819a8569ea2f5a3b6a1.16,"坂本神社　鳥居",35.420941,133.353304
0e3aaac15d054ef28355df77089b5699.16,"桜の里の森展望台",35.417705,133.357345
c92278d178894fc3a4b01e069876713b.16,"桜の里の森の東屋",35.418093,133.356931
e5bb232738644cf1a80da476fab8c9b7.16,"桜の里の森案内図",35.417816,133.356902
d2a394ec01734364bc684680c30fbb70.16,"米子水道記念碑",35.427547,133.363656
c042bbaf6ced47619d9dff8c52376d23.16,"鉄橋脇の祠さん",35.428405,133.364173
c14242b901b54765b640861a8d72670a.16,"観音寺新町4丁目緑地公園",35.426325,133.361237
99e9db5b89744d40813915f2a580a9ef.16,"観音寺新町中央公園",35.424611,133.358815
72a9a19b3e993104bc8f879dc5112b35.16,"カサネ米子",35.42483,133.360439
f96a1af51be24dc3bb714f1841837152.16,"米子市水道局 案内図",35.428061,133.363166
67b12c9e75924d8eb4533b6380bfb5f0.16,"国指定名勝　深田氏庭園",35.430942,133.359843
84c2204ee52c4993a69c266ae8dca3c9.16,"貴布禰神社　社号碑",35.431135,133.359137
aac3ec6dd67b4c9485f213235d1b2c97.16,"梅翁寺 本堂",35.43204,133.358687
0e57c28dda0142049c96addf66ba8ec9.16,"貴布禰神社随神門",35.431764,133.359142
4830b632fb4b458082352751e5f2908d.16,"梅翁寺",35.431265,133.358528
428ea0de51454c2dbf712bda6396ae71.16,"車尾公民館",35.432627,133.357993
1c38ad91cde63a05b76e62412a8e8d4b.16,"麺屋　噂",35.431605,133.361047
4ce35acd8b7d3404afb248ac4f5fe1f5.16,"祠",35.429067,133.362563
a98f343c169849749ad539d1e94c7966.16,"祇園神社",35.431087,133.357615
10518fb9921d3c96bfc7899893be65ac.16,"憩いのベンチ",35.427071,133.358035
da79abd2dc733b9a8939c91f16586304.16,"天理教車尾分教会",35.427345,133.358376
771c2dc2d6fd4c87a2d2855b94b6da7f.16,"車尾土地区画整理事業完成記念碑",35.433019,133.359787
970648af37c14148830189a3b9ae2396.16,"貴布禰神社 拝殿",35.432187,133.359154
8774e06164e048618b07f3a14a61b8c0.16,"日野橋の親柱",35.430385,133.364371
23d8be55ec86390d947856c6d5b13928.16,"左大山岡成、右皆生温泉の道標",35.430114,133.364075