35.448008,133.310675,上後藤四区集会所
35.444147,133.328744,CUE’S
35.44732,133.311905,上後藤4区公園
35.447436,133.311864,公園内の休憩所
35.448246,133.308142,チュウブ野人スタジアム
35.448075,133.309999,プチフール Since 1980
35.448421,133.309969,ポップアート壁画
35.448674,133.308627,坂口平兵衛顕彰碑
35.446352,133.308461,住居表示街区案内図　米子市旗ヶ崎9丁目
35.447513,133.309356,住居表示街区案内図
35.447535,133.309041,バロンジャヤのガネーシャ
35.447293,133.306455,YAJINスタジアムフットサル場
35.446979,133.306941,養和会YAJINフィールド
35.444438,133.307497,名無神社
35.445011,133.307072,福山洋食厨房　舶来亭
35.444919,133.30738,コーヒーミルのブロンズオブジェ
35.446186,133.306175,鳥取トヨペット株式会社 植樹記念
35.444246,133.30584,米子聖ニコラス教会
35.443065,133.306661,牛骨ラーメン　来香
35.44983,133.321677,味噌ラーメン専門店　唐崎商店
35.448446,133.32358,タヌキ並べ
35.44826,133.323401,レストラン　ローリエ
35.444673,133.316308,旗ヶ崎四区公民館
35.443479,133.320144,公民館
35.4426,133.32154,米子上後藤郵便局
35.446179,133.322967,そでひき小僧駅（さんぼんまつぐち）
35.449114,133.314293,住居表示街区案内図　米子市上後藤7丁目
35.449874,133.31578,日蓮正宗　専修寺
35.449473,133.315204,CAFE & BAKERY APLICO
35.44667,133.314936,上後藤二区公民館
35.448166,133.313043,上2いこいの広場
35.444595,133.317501,上一遊園地
35.444891,133.318098,上後藤四丁目公園
35.444718,133.329825,ワイモバイルエディオン米子店
35.442628,133.331164,自転車オブジェの欄干
35.443361,133.329935,住居表示街区案内図
35.442893,133.332068,米子丿貫
35.442968,133.333583,ソフトバンク米子中央
35.449361,133.334116,レンガ道の東屋
35.448835,133.330628,HYPER FIT 24 米子米原
35.449127,133.330786,軽食・喫茶あすなろ
35.449418,133.330354,ダンススタジオジャム
35.449614,133.33003,米原9丁目公園
35.449715,133.330793,住居表示街区案内図　米子市米原8丁目
35.445405,133.334744,米子市米原６丁目　住居表示街区案内図
35.446106,133.334808,米原神社
35.446301,133.33403,慰霊碑とお堂(円通庵)
35.444157,133.332202,米子米原郵便局
35.444419,133.333438,なもなき神社
35.447118,133.329577,麺屋　まつり
35.449479,133.325318,ダンススタジオ　シャンクレール
35.446585,133.329102,日本海テレビ前掲示板
35.443406,133.328615,ホリデイスポーツクラブ
35.445301,133.324233,三本松公園竣工記念碑
35.447678,133.325847,ソフトバンク米子米原
35.445337,133.328039,お茶の静香園
35.445636,133.327441,ル・パティシエ・ミエル
35.446126,133.327591,焼肉　たいへい門
35.444618,133.329179,鏡とハサミのオブジェ
35.444895,133.329183,ソフトバンクステージエディオン米子
35.445791,133.324047,三区会館
35.445208,133.339507,喫茶室ＷＩＮ
35.44283,133.340819,西福原公園のテニスコート
35.44282,133.34105,西福原公園
35.44261,133.34105,メビウスのオブジェ
35.446654,133.340171,エホバの証人の王国会館
35.445651,133.342357,西福原にある祠
35.447058,133.342221,福米東地区コミュニティセンター
35.448494,133.342083,西福原6丁目祠
35.447182,133.341854,福米東公民館
35.445992,133.343875,東福原のバーゴラとベンチ
35.446738,133.342569,福米体育館
35.447596,133.343822,米子西福原郵便局
35.448925,133.342744,上谷一区慰霊碑
35.448624,133.345949,東福原8丁目公園
35.447179,133.346087,SDA米子教会
35.449901,133.339595,西福原の金毘羅大権現の燈籠
35.449347,133.340858,福米公園
35.447035,133.344135,崇教真光　米子お浄め所
35.443684,133.344135,日本キリスト教団米子教会
35.442935,133.34579,米子市西福原３丁目　住居表示街区案内図
35.447772,133.341488,幸福の科学　米子支部
35.449205,133.339382,下谷公民館
35.447176,133.341297,グランチャコ
35.447851,133.3384,遊歩道の藤棚
35.448186,133.337399,バーゴラとベンチ
35.449336,133.338525,幸福の科学　米子支部精舎
35.449436,133.33788,犬の像
35.448445,133.336699,米原の休憩所の藤棚
35.444593,133.338704,宗教法人世界平和統一家庭連合米子家庭教会
35.44274,133.336278,米子市米原６丁目　住居表示街区案内図
35.447835,133.355898,天神森
35.445246,133.356729,福生東5区社
35.445412,133.356583,常夜灯
35.444023,133.356242,福生体育館
35.443331,133.354133,上福原第二団地集会所
35.44541,133.354357,福生東六区集会所
35.445822,133.355314,堀安川橋記念碑
35.444305,133.350814,住居表示街区案内図
35.44488,133.349258,東福原4丁目お地蔵様
35.444669,133.349466,Fun Fit
35.444496,133.349822,地餐地笑　しゅん菜
35.449297,133.357047,皆生県営住宅団地公園
35.449301,133.35013,歳徳神社
35.44688,133.34811,木山神社
35.442724,133.346834,上森嘉太蔵氏之像
35.443383,133.347688,末日聖徒イエスキリスト教会
35.447246,133.349133,山地公民館横の慰霊碑
35.446387,133.348942,ITO EN ＴＳＵＴＡＹＡ東福原店 災害対応自販機
35.446296,133.350787,新開川開鑿100年記念碑
35.446869,133.350444,庵門善
35.449441,133.350666,東福原公園
35.44894,133.348312,歳徳神社
35.444553,133.348367,大沢川改修記念碑
35.449813,133.360373,福原公園
35.447342,133.364403,東屋
35.447489,133.364476,福生東公園
35.445699,133.36502,皆生一丁目祠
35.447016,133.364865,福生東13区公園
35.447468,133.363987,池の里 石碑
35.446609,133.361381,皆生四軒屋の祠
35.446585,133.361672,皆生四軒屋 土地区画整理事業記念碑
35.442917,133.358224,上福原簡易郵便局
35.448145,133.363892,ミッキーマウス
35.44824,133.364184,スパイダーマンが！
35.447895,133.365326,米子サン・アビリティーズ
35.444571,133.358642,学びのふる里
35.444075,133.360214,上福原観音堂
35.444159,133.35921,法華堂
35.444289,133.360548,福生東四区集会所
35.444386,133.358567,福生東五区公民館
35.442713,133.363631,福生三区公民館
35.442971,133.361322,福原の社
35.444604,133.363261,皆生公民館
35.444286,133.365186,福生東３区祠
35.446794,133.361487,六地蔵皆生四軒屋公園
35.448498,133.361918,福生東公民館
35.443511,133.366025,庚申堂と皆生堂
35.43808,133.310518,住居表示街区案内図　米子市旗ヶ崎6丁目
35.438648,133.310335,地域の目印となる立派な石の看板
35.439122,133.312128,完成記念碑
35.43917,133.312385,ライオン公園の看板
35.440842,133.310864,住吉健児学び舎の跡
35.441737,133.310675,旗ヶ崎三区公民館
35.440994,133.310246,食事・喫茶ヴァン
35.440735,133.312193,旗ヶ崎簡易郵便局
35.439235,133.30526,安倍運動グラウンドの休憩所
35.439762,133.309336,かめ公園
35.439991,133.309373,米子市住吉公民館・住吉地区学習等供用施設
35.440294,133.309619,住吉体育館
35.440216,133.310122,旗ケ崎三区集会所
35.438647,133.308977,LD.café
35.438815,133.308724,大きな招き猫
35.438624,133.307376,県営住宅内浜団地の集会所
35.441317,133.306587,極真カラテ　米子道場
35.441607,133.306559,米子市旗ヶ崎７丁目　住居表示街区案内図
35.441728,133.306226,ヒロミcafe＆スイーツ
35.440588,133.30594,お肉はつらいよ
35.435629,133.308695,瓦斯神社
35.441322,133.321011,洋食屋カフェレストピュア
35.441595,133.322204,三本松の住居表示街区・避難場所案内図
35.44068,133.321821,三旗町自治会員案内図
35.440977,133.321897,パティスリーキキ
35.440372,133.320641,三旗公園
35.43982,133.322327,エースドライ
35.441108,133.323338,三本松の掲示板
35.434863,133.32271,地蔵
35.437342,133.318703,旗ヶ崎大地蔵菩薩
35.437044,133.318752,がんこラーメン華漸
35.437681,133.317967,法華地蔵尊（日蓮さん）の由来
35.438372,133.317827,担々麺専門店　王福
35.436173,133.317945,喫茶リバティー
35.435739,133.317843,起源•環
35.435793,133.319122,喫茶フライパン
35.434032,133.318446,とん楽
35.434284,133.318324,さとし地蔵
35.433893,133.317172,米子食品会館　記念植樹の標柱
35.435324,133.316149,旗ヶ崎の用水路沿い緑地の休憩所
35.434351,133.317287,米子食品会館プラザホール
35.437942,133.315127,黄色の鉄棒
35.438854,133.312615,ライオン公園のグランド
35.436631,133.314636,だれ
35.437841,133.314815,旗ケ崎公園
35.436693,133.313888,答え　ねずみ男
35.440986,133.3165,旗二荒神宮
35.442227,133.316222,旗ヶ崎の緊急避難場所マップと住居表示街区案内図
35.438403,133.317079,麦ノ屋のブランジェ
35.435546,133.319862,珈琲の館　セゾン
35.43364,133.321474,みなと(児護)地蔵
35.43662,133.320384,浄土真宗親鸞会　鳥取米子会館
35.436114,133.320592,米仙堂　花園店
35.43539,133.32219,灘町荒神社　鳥居
35.435447,133.32176,稲荷大明神
35.436867,133.321294,旗ヶ崎のお地蔵さま
35.435771,133.323536,どらやき神社
35.43684,133.32323,花園町のお地蔵様
35.437263,133.322232,住居表示街区案内図　米子市旗ヶ崎1丁目
35.435975,133.322472,かすうどんチャンピョン
35.43765,133.323411,義方公民館
35.437955,133.323535,住居表示街区案内図　米子市義方町
35.43756,133.323722,米子立町西公園
35.439214,133.321277,クボタメガネ
35.440175,133.320596,三旗公園の三色すべり台
35.438415,133.321447,立町公園
35.438383,133.321186,立町公園の消波ブロック
35.438861,133.320302,レイヨン通り
35.439587,133.320213,米子日本基督会
35.439827,133.318925,旗ケ崎一区公民館
35.436211,133.314035,創業40周年記念碑（ダイマツ中央研究所）
35.439414,133.314054,焼肉　一善
35.439238,133.313191,マコズベイクショップ
35.440058,133.313093,旗ヶ崎県営住宅公園滑り台
35.441143,133.314915,旗ヶ崎二区公民館
35.433387,133.333012,米子市公会堂
35.433645,133.334004,日本基督教団米子錦町教会
35.433328,133.333404,米子市公会堂の彫刻
35.433186,133.331943,赤鬼
35.433316,133.331756,Beer House Combat
35.434964,133.334625,一心延命助地蔵尊
35.441704,133.329054,米原のINFORMATION
35.439759,133.334644,米原南土地区画整理竣工記念碑
35.439717,133.334407,米原南公園
35.440964,133.334346,住居表示街区案内図　米子市米原3丁目
35.435069,133.333443,この地に米子女学校米子西高校在りき
35.434654,133.333434,小公園
35.435464,133.333527,ふれあいの里
35.436628,133.332884,錦町２丁目１区自治会掲示板
35.435361,133.333846,慈しみ
35.43563,133.332946,恒久平和　戦没者慰霊碑
35.439526,133.331533,JR後藤駅
35.439288,133.331418,米子市中心市街地地図
35.438061,133.331452,生長の家 米子道場
35.439055,133.330795,錦町地蔵
35.439991,133.331279,どろたぼう駅
35.439469,133.329655,grand cafe F
35.442218,133.331059,MEGAドン・キホーテ米子店の壁画
35.442265,133.331829,弓ヶ浜の母なる水 米川
35.439686,133.334131,３つの腰掛け台
35.439888,133.334271,米原南公園のカラフルな滑り台
35.439797,133.332664,円応教南教会米子会所
35.441346,133.326173,立町北公園のお地蔵様
35.440517,133.325712,米子福音ルーテル教会
35.441902,133.326213,公園のブランコ
35.440049,133.326702,こめ蔵
35.440528,133.326832,横浜家系ラーメン　吉岡家
35.44049,133.326317,森の癒
35.437137,133.328004,ITO EN ＴＳＵＴＡＹＡ角盤町店 災害対応自販機
35.438682,133.32816,今井書店　錦町店
35.437672,133.328122,海王
35.438536,133.328647,米子錦町郵便局
35.437941,133.327589,太陽軒
35.438586,133.328898,韓国会館
35.436667,133.329358,フィンシャレー
35.436668,133.325313,日の出湯の扇子
35.437569,133.325301,鴨御祖神社入り口の鳥居
35.437674,133.324838,糺神社 本殿
35.434249,133.327407,妙興寺 山門
35.434121,133.328199,安國寺 山門
35.434024,133.328604,瑞仙寺 山門
35.434084,133.329349,福厳院六地蔵
35.434203,133.327967,妙善寺 山門
35.433555,133.327631,与太郎地蔵
35.43328,133.324795,米子まちなか観光案内所
35.433189,133.325309,加茂川広場
35.441694,133.324346,Casa Dea
35.439923,133.326469,立町の遊歩道
35.438621,133.326934,萬龍軒
35.438687,133.325304,焼肉大門
35.439227,133.324762,理想教 米子法堂
35.43998,133.328953,米原1丁目住宅案内図
35.441355,133.327672,米原八区子供公園のすべり台
35.44038,133.327498,和食処やじきた
35.439303,133.329378,米原西公園
35.439922,133.328017,揺れるパンダ
35.438902,133.329204,健康ふれあいセンター　ペアーレ中海
35.437179,133.327081,ちとせ
35.433814,133.326236,立町一丁目遊園地
35.43569,133.325288,立町まちや
35.434594,133.325975,心光寺 山門
35.435841,133.324831,あなたの避難場所　米子市立町3丁目
35.434388,133.32691,実成寺 山門
35.434704,133.325298,万福寺 山門
35.434592,133.326238,法蔵寺地蔵尊(みそなめ地蔵)
35.434429,133.323813,吉祥院地蔵
35.434203,133.324085,吉祥院　門
35.436062,133.324187,Rochelle Antique
35.438051,133.324409,三界萬霊塔
35.439798,133.335915,集会所はなみずき
35.441888,133.335563,世界真光文明教団　米子センター
35.440515,133.335782,YONAGO SWIMING SCHOOL
35.441903,133.336361,米子復活教会
35.437492,133.340979,住居表示街区案内図　米子市東福原1丁目
35.437507,133.340544,米川堤防のつつじ
35.438389,133.340377,ラッテちゃんボランティアロード
35.440017,133.339787,住居表示街区案内図　米子市西福原2丁目
35.438463,133.340069,結び目 五十嵐芳三
35.439873,133.341309,白い半分
35.439457,133.340094,スマイルホテル米子のチャペル
35.439617,133.34053,調和 ARMONIA
35.437955,133.343241,米子市東福原２丁目　住居表示街区案内図
35.437268,133.343414,クイーンボウル
35.43756,133.343543,ボーリングピン
35.439646,133.341979,米子しんまち郵便局
35.439134,133.341799,わこうの瓢箪
35.435943,133.34314,米子市役所博労町庁舎
35.434111,133.34488,桜27本の碑
35.435011,133.345406,米川沿いの休憩所
35.435423,133.337067,YSP ボウル
35.434739,133.338407,蝉丸神社
35.436012,133.338023,啓成公民館
35.43696,133.337768,真如苑 米子支部
35.439365,133.337143,住居表示街区案内図　西福原1丁目
35.43924,133.337392,米川案内板
35.438469,133.338621,西部建設会館
35.440289,133.337737,慰霊碑
35.44059,133.337873,少林寺拳法　米子東道院
35.440322,133.337421,上場谷神社
35.440347,133.338541,ラーメンつけ麺 今を粋ろ
35.436069,133.336273,キコリの妖精の厠
35.436211,133.33606,日ノ出公園
35.433869,133.336341,囚われの馬
35.435298,133.336645,YSP BOWL
35.434015,133.335263,天理教米府分教会
35.434744,133.33648,JR富士見町駅
35.43328,133.337679,冨士見町住宅の公園
35.434543,133.33716,博労町公園
35.434055,133.33853,蝉丸神社裏の祠
35.4365,133.34507,ITO EN ハ－ドオフ米子店 災害対応自販機
35.439874,133.342277,環
35.440089,133.341539,PAJA　オブジェ
35.440858,133.341733,倹徳稲荷大明神
35.439406,133.344741,福原神社
35.438639,133.346193,前地公民館竣工記念
35.43824,133.346036,高橋塾顕彰碑
35.435903,133.346514,住居表示街区案内図 東福原1丁目
35.434559,133.346848,米川案内板
35.436147,133.352005,中島の地蔵堂
35.435453,133.35191,米子栄光キリスト教会中島集会所
35.43568,133.352808,中島児童遊園地 記念碑
35.435573,133.35259,コアラのスプリング遊具
35.439503,133.349354,新開川の説明板
35.440093,133.352922,福生東10区集会所
35.434298,133.35269,ツツジのマンホール
35.434604,133.349539,米子中島簡易郵便局
35.43649,133.355728,とっときの鳥
35.434069,133.356864,車尾公園
35.43872,133.347263,前地一区自治会掲示板
35.438876,133.354004,上福原南公園
35.435418,133.353962,車尾中島土地区画整理事業竣工記念碑
35.433918,133.355452,日本キリスト教会米子東教会
35.435447,133.353676,中島公園
35.440285,133.346448,長慶山善昌庵
35.439068,133.346342,高橋塾跡
35.434148,133.364431,王子弓道場
35.433669,133.364106,王子グラウンド
35.437685,133.365409,深田惣左衛門宗眞顕彰碑
35.434462,133.364454,王子テニスコート
35.435742,133.363869,王子球場
35.436891,133.365907,日野川河川敷Ａグラウンド
35.440888,133.360676,籠乃鶏
35.442043,133.365044,上福原神社
35.442217,133.364838,上福原の祠
35.424554,133.335792,食彩厨房 甚兵衛
35.424127,133.336233,だんだん広場 時計モニュメント
35.424644,133.335102,ときの家
35.426842,133.335663,ぷっぷる
35.425428,133.335557,モニカ
35.426535,133.336396,道二集会所
35.424923,133.335305,魚や圭蔵
35.424578,133.336579,米子郵便局
35.426167,133.336626,ひょうたん小路地蔵
35.424801,133.335517,Darts and Pool arrows
35.432157,133.342227,米子 法城寺
35.429385,133.346237,米子市民体育館
35.429489,133.345481,どらドラパーク米子西側入口案内板
35.429874,133.345931,どらドラパーク米子案内図
35.42933,133.34594,彫刻作品「あすなろ」
35.429901,133.345636,米子一中跡
35.430072,133.34553,天理教伯陽分教会
35.432255,133.341512,椎山神社
35.431321,133.341434,奉寄進勝田神社馬乗場
35.431815,133.340455,了春寺
35.43155,133.341287,勝田神社　御門
35.432161,133.341019,勝田神社の社
35.43294,133.339705,博労町地蔵
35.432135,133.340211,出雲大社 米子分院
35.43177,133.341086,造営記念　詳細
35.431215,133.34122,勝田神社　石碑
35.433101,133.340685,荒尾之茂卿御夫妻歌碑
35.43266,133.340398,博労町公園
35.431753,133.341331,謝恩の碑
35.431948,133.341361,青銅神馬
35.42905,133.335491,法勝寺町橋地蔵
35.428485,133.33567,糀町公園
35.429514,133.335564,天理教米城分教会
35.429321,133.335403,真言宗醍醐派　米子教会
35.431612,133.33514,カバ
35.425921,133.338818,米子水族館オープン
35.427612,133.338286,こんにゃく坊や
35.427796,133.338367,雲が行く
35.425163,133.336722,米子駅前のカフェ On Lento Café
35.424171,133.336987,鳥取環境大学西部サテライトキャンパス
35.425722,133.33711,日本海情報ビジネス専門学校
35.428225,133.338497,太陽と月の神話
35.429124,133.336717,子安地蔵
35.428827,133.337438,延命院地蔵
35.428584,133.338699,米子市営武道館
35.431417,133.338208,荒魂神社
35.432593,133.337234,米子市中央隣保館
35.431127,133.339111,光西寺
35.431627,133.336939,石の汽車
35.431789,133.337194,富士1公園の高校生手作り椅子
35.431516,133.337119,富士見一号公園
35.432755,133.33603,米子盆踊発祥之地
35.43165,133.336166,歯科医院のマスコット
35.432332,133.339103,お地蔵さん
35.427756,133.346015,陽田山 経王寺
35.428828,133.345351,鳩
35.42879,133.345732,犬の像
35.429056,133.34528,イルカ
35.430895,133.339265,米子博労町郵便局
35.431058,133.340176,JR博労町駅
35.431418,133.340163,了春寺案内板
35.427511,133.342196,蕎亭 松庵
35.427568,133.342908,米子キリスト教会
35.427938,133.341278,留魂碑
35.427792,133.339157,鳥取県西部総合事務所
35.426118,133.342452,焼肉ぷるこぎ
35.424695,133.34251,道笑町三郵便局
35.425217,133.342492,旧山陰電気米子変電所
35.432905,133.348107,住之江公園のカラフルなすべり台
35.432685,133.348529,車尾七区集会所
35.432997,133.34833,住之江公園
35.430804,133.34822,彫刻作品「つまみぐい」
35.432603,133.347499,コンクリートすべり台
35.430415,133.347958,どらドラパーク米子　飛び込みプール
35.431971,133.347676,勝田東会館
35.429607,133.348251,NPB 未来の侍プロジェクト
35.430071,133.346672,東山体育館
35.430419,133.346779,風
35.429924,133.348455,ロータリーの並木
35.43052,133.346364,贈　米子ロータリークラブ
35.4306,133.346631,米子市営東山水泳場
35.430026,133.346371,第40回国民体育大会開催記念
35.429919,133.347381,どらドラパーク米子 補助グラウンド
35.425303,133.351218,twinkle star
35.432876,133.357112,マルイ車尾店のチューリップモニュメント
35.431446,133.356612,米子車尾郵便局
35.428398,133.351547,テニスの壁打ち施設
35.427421,133.352309,東山公園の森　山頂看板
35.4282,133.35215,公園前橋
35.42836,133.35474,米子市営弓道場
35.429396,133.354389,米子市民球場
35.428533,133.355037,どらドラパーク米子球技場
35.428267,133.355949,東山公園東入口案内図
35.427028,133.349948,天理教京伯分教会
35.425848,133.356088,服部珈琲工房
35.432953,133.352217,立正佼成会 米子道場
35.429786,133.354827,市民球場入口看板
35.427345,133.357091,あひるの看板
35.42791,133.356158,東山公園東入口
35.425587,133.355098,観音寺新町1丁目公園
35.430394,133.352265,どらドラパーク米子 案内図
35.430839,133.351473,ＪＲ 東山公園駅
35.429915,133.351772,どらドラパーク米子東山スポーツ広場
35.429682,133.349281,米子市営東山陸上競技場
35.430817,133.35037,運動公園橋
35.429874,133.350692,井戸端会議in東山
35.429742,133.351186,東山公園避難場所案内板
35.43039,133.350923,米川
35.43129,133.350315,車尾の題目塔
35.429373,133.3503,どらドラパーク米子庭球場
35.416106,133.312133,中海ふれあい公園 植樹記念碑
35.419239,133.322314,錦海公園
35.41908,133.322517,錦海団地の住居表示街区案内図
35.417911,133.319806,錦海子供広場
35.417385,133.318284,栗島の秋月
35.418109,133.318691,中海展望案内図
35.418292,133.318941,旗が崎の夜雨
35.41622,133.317808,リス
35.415188,133.318679,錦海散策の道
35.415401,133.318435,錦海八景　吉佐の晴嵐
35.416728,133.317748,向潟の暮雪
35.415972,133.317962,陰田の落雁
35.41904,133.319416,錦海灘橋
35.418704,133.319212,休憩のリス
35.423684,133.32225,中海展望所
35.421378,133.323486,新加茂川竣工記念碑
35.420404,133.321551,錦海公園　野球グラウンド
35.420729,133.321008,錦海散策の道
35.420955,133.321731,青春の碑
35.417375,133.32206,錦海町一丁目公園
35.423944,133.322643,栄福寺
35.419079,133.321203,錦海多目的広場
35.419799,133.320405,錦海公園　ユーカリの森　東屋
35.419532,133.32115,赤レンガの藤棚
35.419628,133.320007,錦海八景　深浦の帰帆
35.42004,133.320281,錦海八景　感應の晩鐘
35.419418,133.321884,小丘の滑り台
35.418724,133.32051,愉快な仲間達
35.41912,133.321945,鉄クサリの運てい
35.417568,133.322042,錦海団地集会所
35.418758,133.321631,小さな夢美術館
35.419764,133.320158,ユーカリの森
35.416265,133.322527,ふれあい橋
35.415511,133.323452,公園
35.415636,133.323621,祇園町二丁目 公民館
35.415549,133.32056,錦海町２丁目公園
35.415372,133.313313,Marine Adventure
35.415241,133.313567,屋根つきベンチ
35.415054,133.313374,中海ふれあい公園 遊具案内板
35.415489,133.312804,屋根付きベンチ その2
35.414909,133.313628,のびのびベンチ
35.416069,133.33357,中華飯店 大鳳
35.422868,133.333632,心の旅・星空
35.421678,133.332994,磯祭
35.423439,133.333081,Café ら・ぼーる
35.422658,133.333708,大地の刻
35.421759,133.333379,彫刻「月に向かって進め’96」
35.421853,133.333114,橋のある風景1994
35.422584,133.333923,彫刻ロード「はる」
35.422831,133.333869,彫刻「風景」
35.422394,133.334081,米子市文化ホール
35.421821,133.332806,米子の門
35.422611,133.333434,こすもす
35.422214,133.333409,生(Life)'92
35.422404,133.333552,光の沈殿
35.422197,133.333129,夏・風の詩
35.421779,133.333529,輪.和.環
35.422381,133.333248,化石の街 No.3
35.421616,133.332649,相
35.423185,133.33409,油そば 笑ちゃん
35.423858,133.333941,牛骨おでん 壱ト弍
35.423977,133.333314,明治第一公園
35.420425,133.325202,V字腹筋像
35.418813,133.331626,南無石碑
35.42091,133.331636,就将公民館
35.422134,133.331085,風景の芽
35.421616,133.33175,彫刻ロード「OFFERING (捧げ物)」
35.422211,133.329788,湊山地蔵
35.422349,133.330819,塚
35.422612,133.330513,夢尻図
35.423136,133.329783,地殻-cocoon3-
35.422867,133.330184,Gravitation
35.422483,133.334386,羽ばたく白鳥
35.423286,133.334628,肉と魚の寿司 yokaichi
35.421111,133.333093,米子コンベンションセンター
35.420749,133.332747,大山オブジェの欄干
35.421057,133.332436,石舞台
35.421433,133.331929,'96 Work in YONAGO
35.421191,133.332738,米子城跡・彫刻ロード散策マップ
35.421189,133.332647,源流
35.41896,133.332523,湊山体育館
35.423286,133.329341,白鳥
35.423258,133.326555,彫刻ロード「光」
35.420651,133.328949,桂住寺 本堂
35.419447,133.328967,総泉寺 水子地蔵尊
35.41968,133.328989,総泉寺の由来
35.420092,133.32888,総泉寺 永代供養塔
35.419711,133.328733,総泉寺 観音様
35.419396,133.328658,総泉時 本堂
35.420058,133.329181,総泉寺 山門
35.42035,133.328781,桂住寺 観音様
35.420425,133.329227,桂住寺 門
35.42291,133.328447,常住山感應寺
35.423888,133.327272,英霊塔の夜間利用について
35.421378,133.328814,愛宕神社跡 石柱
35.4234,133.327291,彫刻「作法」
35.423166,133.327908,祇園地蔵
35.423592,133.328052,彫刻ロード「再生」
35.421154,133.329294,やな井戸地蔵
35.42164,133.329308,愛宕神社 鳥居
35.421966,133.326058,深浦神社 鳥居
35.421953,133.326348,深浦神社 手水舎
35.421996,133.32663,深浦神社コブラ
35.417698,133.324775,米子祇園町簡易郵便局
35.422825,133.335512,米子駅バス乗り場 観光案内地図
35.4237,133.335182,名物米子丼 ami ダイニングバー
35.423303,133.3362,米子市国際観光案内所
35.423014,133.335086,だれ
35.423251,133.335703,山陰鐵道発祥之地 米子 C57 43
35.423176,133.335994,カバ
35.423876,133.335351,目玉おやじの道路案内看板（Kitaro Kaido Rd.）\答え\""
35.423965,133.336389,山陰鉄道発祥の地
35.423507,133.335959,米っ子合掌像
35.422489,133.335522,こころの言葉
35.422217,133.335086,道祖神
35.419841,133.337445,旧加茂川放水路改修記念
35.420907,133.338572,西部 平和と労働会館
35.418661,133.341456,加藤商店
35.420528,133.339799,目久美神社 狛犬(右)
35.418471,133.341411,高組湿蓮大菩薩
35.418734,133.340027,観音堂
35.420359,133.339888,目久美公民館
35.420477,133.339959,目久美神社　鳥居
35.420359,133.340308,目久美遺跡看板
35.420504,133.339544,目久美神社 狛犬(左)
35.420985,133.340374,ラーメン 修ちゃん
35.422371,133.340324,米子駅裏土地区画整理事業完成記念碑
35.42071,133.33972,目久美神社 境内社（須賀神社）
35.422409,133.339756,目久美公園　避難場所案内図
35.422224,133.339969,目久美公園
35.423961,133.337111,いったんもめんとねずみ男の像
35.422583,133.337411,JR米子駅南口
35.422936,133.336762,弓浜絣•強力米ベンチ
35.423983,133.336884,味の名店街
35.421907,133.338666,足尾橋
35.42366,133.336852,よにゃーご駅の駅名看板
35.415861,133.343926,南無地蔵大菩薩
35.419837,133.342116,美吉2区公民館
35.421714,133.341836,小さなお菓子工房 ふーるぽっしゅ
35.419686,133.341609,猿土手橋そばのお地蔵さま
35.420257,133.335588,お不動さま
35.423588,133.338506,関西風お好み焼 せりな
35.423502,133.345309,花びし
35.417485,133.335654,広田神社 鳥居
35.417704,133.335139,お札地蔵
35.416119,133.335916,大谷町公民館
35.41636,133.33576,なかよしひろば
35.41764,133.335912,広田神社
35.417835,133.33602,広田神社 社
35.422701,133.341265,菓子はな
35.42234,133.343988,地蔵群
35.419243,133.358174,慈眼庵
35.41967,133.357937,新宮神社拝殿
35.4191,133.363562,藤内稲荷神社　鳥居
35.417406,133.364758,米川頭首工紀功石碑
35.4171,133.364849,米川頭首工紀功碑
35.419331,133.363193,藤内神社本殿
35.418358,133.362775,戸上山の地蔵
35.419273,133.360565,観音寺六地蔵と三界萬霊塔
35.41971,133.358674,新宮神宮 鳥居
35.419671,133.359015,観音寺公園
35.422176,133.359974,ほたる公園
35.421602,133.360437,ほたる公園竣工記念碑
35.421793,133.359783,観音寺公民館
35.42322,133.360859,グランカフェF
35.413506,133.311459,中海ふれあい公園
35.413401,133.311047,中海ふれあい公園 西エリア
35.414044,133.312588,ランニングコース図
35.413552,133.326501,日御崎神社　鳥居
35.413131,133.326082,日御碕神社 横参道
35.412727,133.325818,お地蔵様
35.413027,133.359553,宗像ニュータウン自治会館
35.413686,133.358543,宗像ニュータウン すべり台
35.424833,133.334345,庄屋のカッパ
35.424034,133.334517,美酒佳肴 ゆらく
35.424242,133.334677,焼肉ホルモン だんだん
35.424164,133.331871,塩町地蔵
35.424458,133.332985,米子湯
35.425042,133.33318,和食居酒屋 和咲美
35.42404,133.33353,明治第一公園のパーゴラ休憩所
35.425145,133.332504,34.みなみのうお座
35.424548,133.334178,山陰の和食居酒屋 旬門 米子本店
35.425063,133.332011,たいやきとお茶の店あんあん
35.425362,133.332054,36.ぎょしゃ座
35.425728,133.332539,米子城のタイル絵
35.425533,133.33217,13.かに座
35.425256,133.332265,35.おうし座
35.425081,133.334028,日本料理 伊在
35.425392,133.332428,12.こぐま座
35.425543,133.333193,城の灯籠
35.424068,133.332378,ローダンのラーメン 米子駅前店
35.427244,133.329474,23.おおいぬ座
35.425623,133.32976,米子駅前通り都市改造完成記念碑
35.424733,133.331703,お食事小料理すえ
35.425684,133.330025,東町公園
35.425929,133.330987,39.エリダヌス座
35.42498,133.330266,焼肉韓国料理　大力家族亭
35.426234,133.330511,41.すばる
35.425632,133.331655,37.ふたご座
35.426073,133.330736,16.うしかい座
35.425785,133.331671,14.しし座
35.426671,133.330277,19.からす座
35.426569,133.330043,43.ほうおう座
35.426075,133.331133,15.かみのけ座
35.426403,133.33029,42.つる座
35.427125,133.32967,りゅうこつ座
35.433144,133.334244,Big Boy 米子富士見町店
35.43317,133.334112,BigBoy statue
35.432935,133.333338,米子市中心市街地地図（米子市公会堂前）
35.432947,133.333044,鳥取県電信創業100年記念碑
35.431821,133.332623,米子角盤町郵便局
35.430802,133.332182,カトリック米子教会
35.431906,133.333396,える・もーる①番街南口
35.43119,133.333599,GOOD BLESS GARDEN
35.430656,133.333227,Chukai コムコムスクエア
35.43241,133.332793,明日への手紙
35.431649,133.333958,える・もーる①番街東口
35.431603,133.332379,とり料理 さんぽう
35.43138,133.331225,Maid & Bar めるてぃ×きゃんでぃ(山陰初のメイドカフェ系コンセプトバー)
35.432725,133.330137,朝日公園
35.431595,133.331315,ホルモン焼肉 きむら 朝日町店
35.432595,133.329787,朝日公園
35.431738,133.334961,富士見2号公園
35.427032,133.331212,やきそば専門 福や
35.428686,133.331283,喜怒哀楽の図
35.428957,133.330326,米子市役所旧館
35.426858,133.331324,米子市役所 第２庁舎
35.428599,133.331137,米子市美術館
35.428322,133.3306,米子市役所
35.427647,133.331387,東京2020記念ゴールドポスト
35.428022,133.330668,米子市自治連合会創立50周年記念
35.428139,133.330443,地の詩'88-予感
35.429185,133.33043,山陰歴史館
35.428196,133.33164,横たわる人'87
35.427964,133.330346,博愛病院生誕の地
35.427487,133.329478,就将小学校 学舎の跡
35.428473,133.331506,米子市立図書館
35.430575,133.330703,出現地蔵
35.431469,133.329779,川守り地蔵
35.430908,133.331384,老舗山陰料理店 民芸食事処 おなじみや
35.430262,133.331595,旭橋のステンドグラスみたいな欄干
35.429406,133.330589,泉水池の像
35.431397,133.33059,木野山神社
35.430601,133.330977,咲い地蔵
35.429617,133.333667,瑜伽堂地蔵
35.427921,133.334101,やっちゃん
35.430318,133.332862,れんが通り
35.429615,133.332531,加茂かめ
35.429386,133.332245,CafeRestBarドドド
35.427592,133.332872,米子合同庁舎
35.427188,133.333968,東町よりみち通りの歩道レリーフ
35.427701,133.332388,テニスコート
35.426377,133.332204,海鮮居酒屋 とみ家
35.426821,133.334139,旧法勝寺電車
35.427585,133.333339,明道教育学舎の跡
35.427988,133.333152,こうやまち常夜灯
35.425833,133.333629,米子元町サンロード郵便局
35.427991,133.332767,米子市明道公民館
35.426323,133.33417,からものや小路の石燈籠
35.42736,133.333521,榎神社跡
35.425997,133.332794,よりみち通りの道標（米子市東町）
35.425908,133.333697,元町サンロード 白鳥壁画
35.42688,133.332463,トラットリア ラ・リーベラ Trattoria La Libera
35.427911,133.332308,昭和天皇御野立所
35.42812,133.331981,星の舟-まずは今、ここに来たりて-
35.426835,133.33439,米子ロータリークラブ創立60周年記念植樹
35.426649,133.334537,ひょうたん小路の石燈籠
35.425281,133.334408,さばしゃぶ 串揚げ 弓紐
35.426908,133.33485,元町サンロード掲示板(道笑町1丁目)
35.427222,133.334946,ゆうちゃん
35.427358,133.334799,米子市の水道水とビリケンさん
35.428022,133.334632,西念寺
35.427692,133.334427,れいちゃん
35.429299,133.334972,皇太子殿下御結婚記念樹
35.432693,133.328398,涼善寺 本堂
35.433129,133.327572,本教寺
35.428231,133.328234,米子加茂町郵便局
35.42757,133.329264,ボランティア・ロード in 米子
35.432812,133.326941,一銭屋 岡本
35.432666,133.32501,米子天神町郵便局
35.432749,133.325509,塚と橋地蔵
35.433071,133.324638,橋番地蔵
35.432978,133.325493,米子城執政家老 横田内膳公
35.432635,133.325786,木のブランコと滑り台と鉄棒
35.433175,133.325613,米子城(再現イメージ)
35.432339,133.326372,中ノ棚橋地蔵
35.432905,133.324862,橋守り地蔵
35.424769,133.327463,石灯籠
35.424325,133.326386,柳生奮戦の地と飯山城跡
35.424668,133.324642,鉄御門跡
35.424862,133.324748,米子城 四重櫓台
35.431111,133.32436,宇気河口神社　鳥居
35.430061,133.323844,眼の時
35.431181,133.324013,字気・河口神社 本殿
35.431815,133.328475,つなぎ地蔵
35.431215,133.327846,感謝之碑
35.43071,133.329038,カッパのコンちゃん
35.430932,133.328654,よなごのかっぱ
35.431145,133.328346,米子下町散策マップ
35.431056,133.32844,加茂川のカッパ
35.431619,133.328789,今井書店創業の地
35.428806,133.326815,米子市中心市街地地図
35.429981,133.324791,天理教錦海布教所
35.431038,133.325224,元稲荷大明神
35.429749,133.325357,良善幼稚園建立記念碑
35.432406,133.324086,内町集会所
35.425084,133.324416,湊山　三角点
35.425222,133.324266,遠見櫓跡
35.424766,133.324337,米子城跡
35.426537,133.325408,二の丸跡
35.425259,133.326218,城山弘法大師
35.426102,133.324953,御殿御用井戸跡
35.425991,133.326551,海・山の絶景！湊山公園と米子城址トリムコース
35.426165,133.325571,湊山テニスコート
35.424862,133.326159,米子城跡 上り口
35.426157,133.32672,米子城跡マップ
35.425143,133.324863,番所跡
35.42596,133.32569,米子城跡 旧小原家長屋門
35.424831,133.325829,第七番 光明山十楽寺
35.425923,133.326184,米子城跡 枡形
35.426141,133.327033,天理教米子分教会
35.425563,133.326292,城山大師 案内板
35.426788,133.32481,裏御門跡
35.424424,133.326587,飯山の祠
35.42733,133.32892,がいな太鼓時計
35.428146,133.327821,賀茂神社天満宮
35.427958,133.328066,賀茂神社天満宮 手水舎
35.427116,133.329309,うさぎ座
35.427637,133.32851,金光教米子教会
35.426843,133.327788,光る福助
35.426273,133.328409,米子城 大手門跡地 案内板
35.426874,133.327412,内堀通り
35.426081,133.328214,ANAクラウンプラザ米子チャペル
35.425699,133.324636,道隆寺
35.427249,133.323758,米子城趾　内膳丸の東屋
35.426806,133.323904,米子城跡 内膳丸
35.426068,133.324231,湊山の植物と野鳥
35.425866,133.324118,中海展望所への道
35.427715,133.326184,市営湊山球場跡地
35.427246,133.327002,トリムコース200m
35.4307,133.322938,清洞寺跡碑
35.431451,133.323519,天理教伯耆分教会
35.432555,133.322859,宿借り
35.430786,133.322672,清洞寺岩地蔵
35.430775,133.323354,道路改修記念碑
35.430549,133.323444,耕地整理記念碑
35.431299,133.323057,米子市下水道部のオブジェ
35.424665,133.322923,前神寺
35.42507,133.323052,宝寿寺
35.425779,133.322577,城山の池
35.424178,133.322623,国分寺
35.425242,133.323147,神恵院
35.425393,133.32349,観音寺
35.424828,133.323017,吉祥寺
35.424579,133.32233,顔がまん丸いお地蔵さん
35.424769,133.323601,水手御門跡
35.424037,133.323137,繁多寺
35.424133,133.322889,円明寺
35.425233,133.322921,大興寺
35.427724,133.320846,見晴らしのよい休憩所
35.426773,133.321172,出逢い
35.428397,133.320709,湊山公園 「錦海の七珍」
35.427967,133.321396,彫刻ロード「語らい」
35.42838,133.321074,白豹の像
35.428313,133.321508,黄色の時計台
35.427949,133.321645,獅子像
35.427715,133.321496,猿が島
35.428529,133.321853,余り茶色じゃない文学碑
35.427594,133.320582,湊山公園「米子城最古の絵図面」
35.428249,133.320911,湊山公園 D51195号
35.427014,133.321259,左ライオン
35.42827,133.321248,湊山公園 カンガルー親子
35.428186,133.321767,あかね雲
35.427061,133.320946,創立30周年記念
35.427539,133.3212,友愛の森
35.430064,133.323584,湊山公園 入り口
35.430247,133.322571,湊山公園の灯籠
35.430311,133.322981,湊山公園の蘇鉄
35.430031,133.323029,湊山公園 東屋
35.42493,133.321859,彫刻ロード「ゆめについて」
35.426691,133.320371,第一回中海造成
35.425918,133.321762,米子市街地案内マップ
35.425143,133.321576,彫刻ロード「YUNAGI」
35.426076,133.321441,キノコの水飲み場
35.42582,133.320088,湊山公園 「出山水泳場」
35.426366,133.3212,記憶の形象
35.424211,133.322043,香園寺
35.425726,133.321754,とりでの山
35.426741,133.320905,湊山公園の休憩場
35.430591,133.321363,錦公園の護岸堤
35.429298,133.320943,湊山公園 「大正中期 加茂川河口」
35.430145,133.321156,清洞寺岩
35.429107,133.321774,彫刻ロード「米伝説」
35.428789,133.321711,水のかたち
35.429691,133.321456,斐伊川情報表示板のご案内
35.430377,133.321716,みなとやまプレーパーク
35.429281,133.321244,ステージ
35.429582,133.322071,湊山公園北 時計塔
35.430064,133.32206,遊具
35.429438,133.321919,米子まち歩きマップ
35.428883,133.321932,湊山公園の歌碑
35.42951,133.32105,湊山公園 夕日
35.429871,133.321659,鯉
35.429787,133.321968,米子市児童文化センター
35.426088,133.322814,米子城跡登山口
35.427595,133.323227,医大横のお地蔵さま
35.42362,133.347168,鮨よし喜
35.420677,133.349454,奉納大乗妙典六十六部日本廻国
35.421879,133.350497,長砂町内広場
35.420951,133.34985,モンパン
35.423339,133.353095,水道山登り口
35.422951,133.355286,水道山山頂の防空壕跡
35.423473,133.353974,水道山の森案内図
35.418892,133.354861,桜の里 登山口
35.420665,133.354441,長砂町集会所
35.419006,133.355926,桜の里の森西側展望台
35.420941,133.353304,坂本神社　鳥居
35.417705,133.357345,桜の里の森展望台
35.418093,133.356931,桜の里の森の東屋
35.417816,133.356902,桜の里の森案内図
35.427547,133.363656,米子水道記念碑
35.428405,133.364173,鉄橋脇の祠さん
35.426325,133.361237,観音寺新町4丁目緑地公園
35.424611,133.358815,観音寺新町中央公園
35.42483,133.360439,カサネ米子
35.428061,133.363166,米子市水道局 案内図
35.430942,133.359843,国指定名勝　深田氏庭園
35.431135,133.359137,貴布禰神社　社号碑
35.43204,133.358687,梅翁寺 本堂
35.431764,133.359142,貴布禰神社随神門
35.431265,133.358528,梅翁寺
35.432627,133.357993,車尾公民館
35.431605,133.361047,麺屋　噂
35.429067,133.362563,祠
35.431087,133.357615,祇園神社
35.427071,133.358035,憩いのベンチ
35.427345,133.358376,天理教車尾分教会
35.433019,133.359787,車尾土地区画整理事業完成記念碑
35.432187,133.359154,貴布禰神社 拝殿
35.430385,133.364371,日野橋の親柱
35.430114,133.364075,左大山岡成、右皆生温泉の道標
